image1,image2,labels_5,labels_7
Real/Multispectral/noise/B2/1_BAND2patch_27_sub_patch_2_scene3_ns.bmp,Real/Multispectral/haze/B2/2_BAND2patch_13_sub_patch_11_ns_ni_np_hz_.bmp,0,0
Real/Multispectral/misc/B2/2_BAND2patch_19_sub_patch_5_scene2_msc.bmp,Real/Multispectral/misc/B2/1_BAND2patch_21_sub_patch_14_msc_lines_.bmp,0,0
Real/Multispectral/haze/B2/1_BAND2patch_4_sub_patch_6_cl_.bmp,Simulated/Multispectral/haze/B2/2_Vegas_img_4635_4041cl.bmp,1,1
Simulated/Multispectral/impulse/B2/3_Shanghai_img_2015_1131_cl.bmp,Simulated/Multispectral/blur/B2/1_Vegas_img_1175_197cl_b1check.bmp,1,1
Real/Multispectral/stripes/B2/2_BAND2patch_42_sub_patch_6_scene3_st.bmp,Simulated/Multispectral/haze/B2/1_Atlanta_nadir8_img_209_123_cl.bmp,1,1
Real/Multispectral/haze/B2/3_BAND2patch_13_sub_patch_5_scene3_hz.bmp,Real/Multispectral/misc/B2/3_BAND2patch_30_sub_patch_1_scene2_msc.bmp,1,1
Simulated/Multispectral/blur/B2/3_Shanghai_img_5018_4467_cl.bmp,Real/Multispectral/blur/B2/3_BAND2patch_20_sub_patch_15_bl_.bmp,1,1
Real/Multispectral/misc/B2/3_BAND2patch_47_sub_patch_13_ns_msc_lines_.bmp,Real/Multispectral/misc/B2/2_BAND2patch_63_sub_patch_1_ns_msc_lines_.bmp,1,1
Simulated/Multispectral/pogan/B2/3_Vegas_img_409_3435cl.bmp,Real/Multispectral/misc/B2/1_BAND2patch_30_sub_patch_11_scene2_bz.bmp,1,1
Real/Multispectral/stripes/B2/3_BAND2patch_51_sub_patch_2_scene3_st_ns.bmp,Real/Multispectral/haze/B2/2_BAND2patch_54_sub_patch_1_scene3_hz.bmp,1,1
Real/Multispectral/misc/B2/3_BAND2patch_47_sub_patch_13_ns_msc_lines_.bmp,Real/Multispectral/misc/B2/1_BAND2patch_54_sub_patch_13_scene3_bz.bmp,1,1
Simulated/Multispectral/impulse/B2/3_Atlanta_nadir16_img_281_203_cl.bmp,Simulated/Multispectral/haze/B2/1_Shanghai_img_4403_3784_cl_b1check.bmp,1,1
Simulated/Multispectral/blur/B2/3_Atlanta_nadir39_img_93_564_cl.bmp,Simulated/Multispectral/haze/B2/1_Atlanta_nadir8_img_584_539_cl.bmp,1,1
Real/Multispectral/noise/B2/3_BAND2patch_20_sub_patch_4_scene2_ns.bmp,Real/Multispectral/noise/B2/3_BAND2patch_19_sub_patch_11_scene2_ns.bmp,1,1
Simulated/Multispectral/blur/B2/1_Vegas_img_1175_197cl_b1check.bmp,Real/Multispectral/blur/B2/2_BAND2patch_72_sub_patch_2_scene3_bl.bmp,1,1
Simulated/Multispectral/pogan/B2/1_Shanghai_img_5491_4992_cl.bmp,Real/Multispectral/noise/B2/1_BAND2patch_20_sub_patch_11_scene2_ns.bmp,0,0
Simulated/Multispectral/blur/B2/3_BAND2patch_21_sub_patch_4.bmp,Real/Multispectral/misc/B2/1_BAND2patch_44_sub_patch_1_scene2_sa.bmp,1,1
Real/Multispectral/misc/B2/2_BAND2patch_52_sub_patch_13_bz_.bmp,Real/Multispectral/misc/B2/1_BAND2patch_28_sub_patch_1_scene2_msc.bmp,1,1
Simulated/Multispectral/blur/B2/1_BAND2patch_17_sub_patch_8_scene2.bmp,Real/Multispectral/blur/B2/3_BAND2patch_70_sub_patch_11_ns_bl_.bmp,0,0
Simulated/Multispectral/blur/B2/1_Vegas_img_1175_197cl_b1check.bmp,Real/Multispectral/blur/B2/3_BAND2patch_20_sub_patch_15_bl_.bmp,1,1
Simulated/Multispectral/impulse/B2/3_Atlanta_nadir16_img_281_203_cl.bmp,Real/Multispectral/noise/B2/2_BAND2patch_19_sub_patch_5_scene2_ns.bmp,1,1
Real/Multispectral/noise/B2/1_BAND2patch_77_sub_patch_2_ns.bmp,Simulated/Multispectral/blur/B2/1_BAND2patch_71_sub_patch_13_scene3_cl.bmp,0,0
Simulated/Multispectral/impulse/B2/2_Shanghai_img_5228_4700_cl.bmp,Real/Multispectral/blur/B2/1_BAND2patch_35_sub_patch_8_scene2_bl.bmp,1,1
Simulated/Multispectral/impulse/B2/3_Shanghai_img_2015_1131_cl.bmp,Simulated/Multispectral/blur/B2/3_BAND2patch_21_sub_patch_4.bmp,0,0
Simulated/Multispectral/blur/B2/1_Atlanta_nadir8_img_708_677_cl.bmp,Real/Multispectral/misc/B2/2_BAND2patch_28_sub_patch_9_scene3_bz.bmp,1,1
Real/Multispectral/misc/B2/1_BAND2patch_54_sub_patch_13_scene3_bz.bmp,Real/Multispectral/misc/B2/2_BAND2patch_6_sub_patch_13_scene2_bz.bmp,0,0
Simulated/Multispectral/impulse/B2/1_Atlanta_nadir8_img_156_64_cl.bmp,Simulated/Multispectral/haze/B2/3_Vegas_img_1480_536cl.bmp,1,1
Real/Multispectral/misc/B2/2_BAND2patch_47_sub_patch_5_cl_.bmp,Real/Multispectral/misc/B2/1_BAND2patch_20_sub_patch_7_bl_bz_.bmp,1,1
Simulated/Multispectral/stripes/B2/3_Atlanta_nadir10_img_101_4_cl.bmp,Real/Multispectral/misc/B2/1_BAND2patch_20_sub_patch_7_bl_bz_.bmp,1,1
Simulated/Multispectral/pogan/B2/3_Vegas_img_409_3435cl.bmp,Simulated/Multispectral/stripes/B2/2_Atlanta_nadir39_img_321_248_cl.bmp,0,1
Real/Multispectral/haze/B2/2_BAND2patch_54_sub_patch_1_scene3_hz.bmp,Real/Multispectral/misc/B2/3_BAND2patch_26_sub_patch_3_bz_.bmp,0,0
Real/Multispectral/blur/B2/2_BAND2patch_72_sub_patch_2_scene3_bl.bmp,Real/Multispectral/misc/B2/3_BAND2patch_79_sub_patch_12_msc_lines_bz_.bmp,0,0
Real/Multispectral/noise/B2/1_BAND2patch_77_sub_patch_2_ns.bmp,Real/Multispectral/noise/B2/1_BAND2patch_27_sub_patch_2_scene3_ns.bmp,1,1
Simulated/Multispectral/blur/B2/3_Atlanta_nadir39_img_93_564_cl.bmp,Real/Multispectral/misc/B2/1_BAND2patch_31_sub_patch_15_scene3_msc_lines.bmp,0,1
Simulated/Multispectral/blur/B2/3_Atlanta_nadir39_img_93_564_cl.bmp,Simulated/Multispectral/stripes/B2/1_BAND2patch_45_sub_patch_13_scene3_cl.bmp,0,0
Simulated/Multispectral/pogan/B2/3_Atlanta_nadir10_img_340_269_cl.bmp,Real/Multispectral/misc/B2/1_BAND2patch_22_sub_patch_8_scene2_bz.bmp,1,1
Real/Multispectral/noise/B2/3_BAND2patch_19_sub_patch_11_scene2_ns.bmp,Real/Multispectral/noise/B2/1_BAND2patch_27_sub_patch_2_scene3_ns.bmp,1,1
Real/Multispectral/haze/B2/3_BAND2patch_13_sub_patch_5_scene3_hz.bmp,Real/Multispectral/haze/B2/1_BAND2patch_50_sub_patch_8_cl_.bmp,1,1
Real/Multispectral/noise/B2/1_BAND2patch_77_sub_patch_2_ns.bmp,Simulated/Multispectral/pogan/B2/2_Vegas_img_3524_2807cl.bmp,0,0
Real/Multispectral/misc/B2/2_BAND2patch_19_sub_patch_5_scene2_msc.bmp,Real/Multispectral/misc/B2/1_BAND2patch_20_sub_patch_7_bl_bz_.bmp,1,1
Real/Multispectral/noise/B2/2_BAND2patch_19_sub_patch_5_scene2_ns.bmp,Real/Multispectral/noise/B2/3_BAND2patch_48_sub_patch_2_ns.bmp,0,0
Real/Multispectral/misc/B2/3_BAND2patch_30_sub_patch_1_scene2_msc.bmp,Real/Multispectral/misc/B2/1_BAND2patch_54_sub_patch_13_scene3_bz.bmp,1,1
Simulated/Multispectral/pogan/B2/3_Atlanta_nadir10_img_340_269_cl.bmp,Real/Multispectral/clean/B2/0_BAND2patch_49_sub_patch_15_scene2_cl.bmp,1,1
Real/Multispectral/misc/B2/1_BAND2patch_21_sub_patch_14_msc_lines_.bmp,Real/Multispectral/misc/B2/1_BAND2patch_28_sub_patch_1_scene2_msc.bmp,1,1
Simulated/Multispectral/impulse/B2/1_Atlanta_nadir8_img_156_64_cl.bmp,Simulated/Multispectral/blur/B2/3_Atlanta_nadir8_img_168_77_cl.bmp,0,0
Real/Multispectral/noise/B2/3_BAND2patch_20_sub_patch_4_scene2_ns.bmp,Real/Multispectral/noise/B2/1_BAND2patch_27_sub_patch_2_scene3_ns.bmp,1,1
Simulated/Multispectral/pogan/B2/2_Vegas_img_3524_2807cl.bmp,Real/Multispectral/misc/B2/2_BAND2patch_47_sub_patch_5_cl_.bmp,0,0
Simulated/Multispectral/haze/B2/2_Atlanta_nadir44_img_257_176_cl.bmp,Real/Multispectral/haze/B2/1_BAND2patch_24_sub_patch_4_scene3_hz.bmp,0,0
Real/Multispectral/blur/B2/3_BAND2patch_70_sub_patch_11_ns_bl_.bmp,Real/Multispectral/blur/B2/1_BAND2patch_72_sub_patch_3_bl_ns_.bmp,1,1
Real/Multispectral/haze/B2/3_BAND2patch_13_sub_patch_5_scene3_hz.bmp,Real/Multispectral/clean/B2/0_Atlanta_nadir44_img_396_330_cl.bmp,1,1
Simulated/Multispectral/pogan/B2/2_BAND2patch_35_sub_patch_5_scene2.bmp,Real/Multispectral/misc/B2/3_BAND2patch_47_sub_patch_13_ns_msc_lines_.bmp,0,0
Real/Multispectral/misc/B2/3_BAND2patch_30_sub_patch_3_scene3_bz.bmp,Real/Multispectral/misc/B2/1_BAND2patch_22_sub_patch_8_scene2_bz.bmp,1,1
Simulated/Multispectral/blur/B2/3_BAND2patch_21_sub_patch_4.bmp,Real/Multispectral/blur/B2/3_BAND2patch_70_sub_patch_11_ns_bl_.bmp,1,1
Real/Multispectral/blur/B2/1_BAND2patch_45_sub_patch_5_scene3_bl.bmp,Simulated/Multispectral/blur/B2/1_BAND2patch_17_sub_patch_8_scene2.bmp,1,0
Real/Multispectral/noise/B2/1_BAND2patch_20_sub_patch_11_scene2_ns.bmp,Simulated/Multispectral/pogan/B2/2_Vegas_img_3524_2807cl.bmp,0,0
Real/Multispectral/stripes/B2/1_BAND2patch_52_sub_patch_0_scene3_st_cl.bmp,Real/Multispectral/misc/B2/2_BAND2patch_32_sub_patch_3_scene3_sa.bmp,0,0
Simulated/Multispectral/impulse/B2/3_Shanghai_img_2015_1131_cl.bmp,Simulated/Multispectral/stripes/B2/2_Vegas_img_2716_1909cl_b1_check.bmp,1,1
Real/Multispectral/misc/B2/1_BAND2patch_28_sub_patch_1_scene2_msc.bmp,Real/Multispectral/misc/B2/2_BAND2patch_52_sub_patch_13_bz_.bmp,0,0
Simulated/Multispectral/blur/B2/1_BAND2patch_17_sub_patch_8_scene2.bmp,Simulated/Multispectral/haze/B2/3_Vegas_img_1480_536cl.bmp,0,0
Simulated/Multispectral/impulse/B2/1_Atlanta_nadir8_img_156_64_cl.bmp,Simulated/Multispectral/blur/B2/3_Shanghai_img_5018_4467_cl.bmp,0,0
Simulated/Multispectral/stripes/B2/3_Atlanta_nadir10_img_101_4_cl.bmp,Real/Multispectral/misc/B2/3_BAND2patch_30_sub_patch_8_scene2_msc.bmp,1,1
Simulated/Multispectral/haze/B2/3_Vegas_img_1480_536cl.bmp,Real/Multispectral/haze/B2/3_BAND2patch_13_sub_patch_5_scene3_hz.bmp,1,1
Real/Multispectral/noise/B2/1_BAND2patch_77_sub_patch_2_ns.bmp,Simulated/Multispectral/impulse/B2/3_BAND2patch_29_sub_patch_7.bmp,0,0
Simulated/Multispectral/pogan/B2/2_BAND2patch_35_sub_patch_5_scene2.bmp,Simulated/Multispectral/blur/B2/3_Shanghai_img_5018_4467_cl.bmp,0,0
Simulated/Multispectral/stripes/B2/1_BAND2patch_45_sub_patch_13_scene3_cl.bmp,Real/Multispectral/misc/B2/3_BAND2patch_30_sub_patch_3_scene3_bz.bmp,0,0
Real/Multispectral/noise/B2/2_BAND2patch_15_sub_patch_2_scene3_ns.bmp,Real/Multispectral/haze/B2/3_BAND2patch_13_sub_patch_5_scene3_hz.bmp,1,1
Real/Multispectral/noise/B2/3_BAND2patch_48_sub_patch_2_ns.bmp,Real/Multispectral/misc/B2/2_BAND2patch_17_sub_patch_8_bl_msc_lines_ns__pn_level2_water.bmp,1,1
Simulated/Multispectral/haze/B2/1_Shanghai_img_4403_3784_cl_b1check.bmp,Real/Multispectral/misc/B2/2_BAND2patch_28_sub_patch_9_scene3_bz.bmp,1,1
Real/Multispectral/haze/B2/3_BAND2patch_13_sub_patch_5_scene3_hz.bmp,Simulated/Multispectral/haze/B2/2_Vegas_img_4635_4041cl.bmp,1,1
Simulated/Multispectral/pogan/B2/2_Shanghai_img_2169_1301_cl.bmp,Simulated/Multispectral/haze/B2/3_BAND2patch_18_sub_patch_8_scene3_cl.bmp,1,1
Real/Multispectral/noise/B2/2_BAND2patch_3_sub_patch_11_ns_msc_pattern.bmp,Real/Multispectral/misc/B2/3_BAND2patch_30_sub_patch_1_scene2_msc.bmp,1,1
Simulated/Multispectral/blur/B2/2_Atlanta_nadir10_img_317_243_cl.bmp,Real/Multispectral/stripes/B2/1_BAND2patch_28_sub_patch_1_scene2_st.bmp,0,0
Real/Multispectral/noise/B2/3_BAND2patch_20_sub_patch_4_scene2_ns.bmp,Simulated/Multispectral/pogan/B2/2_BAND2patch_35_sub_patch_5_scene2.bmp,1,1
Real/Multispectral/noise/B2/2_BAND2patch_60_sub_patch_11_ns.bmp,Real/Multispectral/misc/B2/2_BAND2patch_67_sub_patch_7_ns_sa_.bmp,1,1
Real/Multispectral/haze/B2/2_BAND2patch_54_sub_patch_1_scene3_hz.bmp,Real/Multispectral/misc/B2/1_BAND2patch_21_sub_patch_14_msc_lines_.bmp,1,1
Real/Multispectral/blur/B2/3_BAND2patch_70_sub_patch_11_ns_bl_.bmp,Real/Multispectral/misc/B2/1_BAND2patch_31_sub_patch_15_scene3_msc_lines.bmp,1,1
Simulated/Multispectral/haze/B2/1_Shanghai_img_4403_3784_cl_b1check.bmp,Real/Multispectral/clean/B2/0_Atlanta_nadir16_img_717_687_cl.bmp,0,0
Real/Multispectral/noise/B2/3_BAND2patch_48_sub_patch_2_ns.bmp,Simulated/Multispectral/impulse/B2/2_Shanghai_img_5228_4700_cl.bmp,1,1
Real/Multispectral/misc/B2/1_BAND2patch_54_sub_patch_13_scene3_bz.bmp,Real/Multispectral/misc/B2/2_BAND2patch_19_sub_patch_5_scene2_msc.bmp,1,0
Real/Multispectral/misc/B2/3_BAND2patch_6_sub_patch_0_scene2_msc.bmp,Real/Multispectral/misc/B2/1_BAND2patch_31_sub_patch_15_scene3_msc_lines.bmp,1,1
Simulated/Multispectral/pogan/B2/1_Atlanta_nadir16_img_224_140_cl.bmp,Real/Multispectral/blur/B2/2_BAND2patch_72_sub_patch_2_scene3_bl.bmp,0,1
Simulated/Multispectral/impulse/B2/2_Atlanta_nadir39_img_353_283_cl.bmp,Simulated/Multispectral/haze/B2/3_BAND2patch_18_sub_patch_8_scene3_cl.bmp,1,1
Real/Multispectral/haze/B2/2_BAND2patch_13_sub_patch_11_ns_ni_np_hz_.bmp,Simulated/Multispectral/haze/B2/3_BAND2patch_9_sub_patch_7_scene3_cl.bmp,0,0
Real/Multispectral/misc/B2/1_BAND2patch_31_sub_patch_15_scene3_msc_lines.bmp,Real/Multispectral/misc/B2/3_BAND2patch_30_sub_patch_8_scene2_msc.bmp,0,0
Real/Multispectral/haze/B2/2_BAND2patch_54_sub_patch_1_scene3_hz.bmp,Simulated/Multispectral/haze/B2/3_Shanghai_img_1972_1082_cl.bmp,1,1
Simulated/Multispectral/haze/B2/2_Vegas_img_4635_4041cl.bmp,Real/Multispectral/haze/B2/1_BAND2patch_24_sub_patch_4_scene3_hz.bmp,0,0
Simulated/Multispectral/pogan/B2/3_Atlanta_nadir10_img_340_269_cl.bmp,Real/Multispectral/haze/B2/2_BAND2patch_13_sub_patch_11_ns_ni_np_hz_.bmp,1,1
Real/Multispectral/blur/B2/1_BAND2patch_45_sub_patch_5_scene3_bl.bmp,Simulated/Multispectral/blur/B2/1_BAND2patch_71_sub_patch_13_scene3_cl.bmp,1,0
Real/Multispectral/misc/B2/3_BAND2patch_30_sub_patch_8_scene2_msc.bmp,Real/Multispectral/misc/B2/1_BAND2patch_54_sub_patch_13_scene3_bz.bmp,0,1
Real/Multispectral/haze/B2/3_BAND2patch_13_sub_patch_5_scene3_hz.bmp,Real/Multispectral/clean/B2/0_Atlanta_nadir16_img_476_419_cl.bmp,0,1
Simulated/Multispectral/pogan/B2/2_Vegas_img_3524_2807cl.bmp,Simulated/Multispectral/blur/B2/2_Atlanta_nadir10_img_317_243_cl.bmp,0,1
Simulated/Multispectral/pogan/B2/3_Vegas_img_409_3435cl.bmp,Simulated/Multispectral/haze/B2/1_BAND2patch_49_sub_patch_12_scene2.bmp,1,1
Real/Multispectral/noise/B2/1_BAND2patch_20_sub_patch_11_scene2_ns.bmp,Simulated/Multispectral/impulse/B2/2_Atlanta_nadir39_img_353_283_cl.bmp,0,0
Simulated/Multispectral/stripes/B2/2_Vegas_img_2716_1909cl_b1_check.bmp,Real/Multispectral/misc/B2/2_BAND2patch_67_sub_patch_7_ns_sa_.bmp,0,0
Simulated/Multispectral/pogan/B2/3_Vegas_img_409_3435cl.bmp,Real/Multispectral/noise/B2/1_BAND2patch_77_sub_patch_2_ns.bmp,1,1
Simulated/Multispectral/blur/B2/1_BAND2patch_71_sub_patch_13_scene3_cl.bmp,Real/Multispectral/misc/B2/3_BAND2patch_6_sub_patch_0_scene2_msc.bmp,0,1
Real/Multispectral/misc/B2/3_BAND2patch_20_sub_patch_3_scene3_bz_sa.bmp,Real/Multispectral/misc/B2/2_BAND2patch_63_sub_patch_1_ns_msc_lines_.bmp,1,1
Real/Multispectral/misc/B2/1_BAND2patch_22_sub_patch_8_scene2_bz.bmp,Real/Multispectral/misc/B2/3_BAND2patch_30_sub_patch_1_scene2_msc.bmp,0,0
Real/Multispectral/blur/B2/1_BAND2patch_38_sub_patch_5_bz_msc_.bmp,Real/Multispectral/stripes/B2/3_BAND2patch_51_sub_patch_2_scene3_st_ns.bmp,0,0
Simulated/Multispectral/impulse/B2/3_Atlanta_nadir10_img_145_52_cl.bmp,Real/Multispectral/haze/B2/1_BAND2patch_21_sub_patch_7_cl_.bmp,1,1
Simulated/Multispectral/pogan/B2/1_BAND2patch_28_sub_patch_15_scene2.bmp,Real/Multispectral/blur/B2/2_BAND2patch_72_sub_patch_2_scene3_bl.bmp,1,1
Simulated/Multispectral/pogan/B2/1_BAND2patch_37_sub_patch_15.bmp,Real/Multispectral/misc/B2/2_BAND2patch_47_sub_patch_5_cl_.bmp,0,0
Real/Multispectral/noise/B2/1_BAND2patch_20_sub_patch_11_scene2_ns.bmp,Real/Multispectral/noise/B2/2_BAND2patch_60_sub_patch_11_ns.bmp,0,0
Simulated/Multispectral/stripes/B2/2_Shanghai_img_4515_3908_cl.bmp,Real/Multispectral/clean/B2/0_Atlanta_nadir16_img_476_419_cl.bmp,1,1
Simulated/Multispectral/pogan/B2/1_BAND2patch_37_sub_patch_15.bmp,Simulated/Multispectral/haze/B2/3_BAND2patch_18_sub_patch_8_scene3_cl.bmp,1,1
Simulated/Multispectral/blur/B2/1_Atlanta_nadir8_img_708_677_cl.bmp,Real/Multispectral/blur/B2/1_BAND2patch_45_sub_patch_5_scene3_bl.bmp,1,1
Real/Multispectral/noise/B2/2_BAND2patch_3_sub_patch_11_ns_msc_pattern.bmp,Real/Multispectral/noise/B2/3_BAND2patch_20_sub_patch_4_scene2_ns.bmp,0,0
Real/Multispectral/misc/B2/1_BAND2patch_42_sub_patch_8_msc_lines_ns_.bmp,Real/Multispectral/misc/B2/3_BAND2patch_79_sub_patch_12_msc_lines_bz_.bmp,0,0
Real/Multispectral/misc/B2/2_BAND2patch_52_sub_patch_13_bz_.bmp,Real/Multispectral/misc/B2/3_BAND2patch_20_sub_patch_3_scene3_bz_sa.bmp,0,0
Real/Multispectral/misc/B2/2_BAND2patch_63_sub_patch_1_ns_msc_lines_.bmp,Real/Multispectral/misc/B2/3_BAND2patch_26_sub_patch_3_bz_.bmp,0,0
Real/Multispectral/noise/B2/2_BAND2patch_3_sub_patch_11_ns_msc_pattern.bmp,Real/Multispectral/noise/B2/2_BAND2patch_60_sub_patch_11_ns.bmp,0,0
Real/Multispectral/noise/B2/3_BAND2patch_48_sub_patch_2_ns.bmp,Real/Multispectral/noise/B2/3_BAND2patch_20_sub_patch_4_scene2_ns.bmp,0,0
Real/Multispectral/noise/B2/1_BAND2patch_27_sub_patch_2_scene3_ns.bmp,Simulated/Multispectral/pogan/B2/2_BAND2patch_35_sub_patch_5_scene2.bmp,0,0
Simulated/Multispectral/haze/B2/3_Vegas_img_1480_536cl.bmp,Real/Multispectral/haze/B2/1_BAND2patch_4_sub_patch_6_cl_.bmp,1,1
Real/Multispectral/stripes/B2/1_BAND2patch_28_sub_patch_1_scene2_st.bmp,Real/Multispectral/misc/B2/2_BAND2patch_57_sub_patch_12_scene2_bz.bmp,1,1
Real/Multispectral/misc/B2/2_BAND2patch_6_sub_patch_13_scene2_bz.bmp,Real/Multispectral/misc/B2/2_BAND2patch_63_sub_patch_1_ns_msc_lines_.bmp,0,0
Simulated/Multispectral/pogan/B2/2_BAND2patch_35_sub_patch_5_scene2.bmp,Real/Multispectral/noise/B2/2_BAND2patch_15_sub_patch_2_scene3_ns.bmp,0,0
Simulated/Multispectral/haze/B2/1_Shanghai_img_4403_3784_cl_b1check.bmp,Real/Multispectral/haze/B2/3_BAND2patch_13_sub_patch_5_scene3_hz.bmp,0,0
Real/Multispectral/misc/B2/2_BAND2patch_57_sub_patch_12_scene2_bz.bmp,Real/Multispectral/misc/B2/3_BAND2patch_30_sub_patch_1_scene2_msc.bmp,0,0
Simulated/Multispectral/stripes/B2/1_BAND2patch_62_sub_patch_14_scene2.bmp,Simulated/Multispectral/haze/B2/3_BAND2patch_9_sub_patch_7_scene3_cl.bmp,0,0
Simulated/Multispectral/blur/B2/2_Atlanta_nadir10_img_317_243_cl.bmp,Real/Multispectral/misc/B2/3_BAND2patch_30_sub_patch_1_scene2_msc.bmp,0,0
Real/Multispectral/noise/B2/2_BAND2patch_19_sub_patch_5_scene2_ns.bmp,Simulated/Multispectral/stripes/B2/1_BAND2patch_45_sub_patch_13_scene3_cl.bmp,0,0
Real/Multispectral/haze/B2/3_BAND2patch_13_sub_patch_5_scene3_hz.bmp,Simulated/Multispectral/haze/B2/1_Atlanta_nadir8_img_584_539_cl.bmp,1,1
Simulated/Multispectral/haze/B2/1_BAND2patch_40_sub_patch_13_scene2.bmp,Real/Multispectral/haze/B2/2_BAND2patch_52_sub_patch_5_ns_ni_hz_.bmp,0,0
Real/Multispectral/haze/B2/3_BAND2patch_13_sub_patch_5_scene3_hz.bmp,Real/Multispectral/misc/B2/3_BAND2patch_30_sub_patch_8_scene2_msc.bmp,0,1
Simulated/Multispectral/stripes/B2/3_BAND2patch_17_sub_patch_6_scene3_cl.bmp,Real/Multispectral/misc/B2/1_BAND2patch_44_sub_patch_1_scene2_sa.bmp,1,1
Simulated/Multispectral/impulse/B2/1_BAND2patch_16_sub_patch_15_scene3_cl.bmp,Simulated/Multispectral/blur/B2/2_Atlanta_nadir10_img_317_243_cl.bmp,1,1
Simulated/Multispectral/blur/B2/3_Atlanta_nadir8_img_168_77_cl.bmp,Simulated/Multispectral/stripes/B2/2_Atlanta_nadir39_img_321_248_cl.bmp,1,1
Real/Multispectral/misc/B2/3_BAND2patch_24_sub_patch_8_sa_msc_artifact__pn_level3_water.bmp,Real/Multispectral/misc/B2/2_BAND2patch_6_sub_patch_4_scene2_msc.bmp,1,1
Simulated/Multispectral/stripes/B2/3_Atlanta_nadir10_img_101_4_cl.bmp,Simulated/Multispectral/haze/B2/1_Shanghai_img_4403_3784_cl_b1check.bmp,1,1
Real/Multispectral/blur/B2/2_BAND2patch_71_sub_patch_2_scene2_bl.bmp,Simulated/Multispectral/haze/B2/2_Vegas_img_4635_4041cl.bmp,1,1
Real/Multispectral/blur/B2/1_BAND2patch_48_sub_patch_0_scene2_bl.bmp,Simulated/Multispectral/blur/B2/3_Atlanta_nadir8_img_168_77_cl.bmp,0,0
Real/Multispectral/misc/B2/1_BAND2patch_42_sub_patch_8_msc_lines_ns_.bmp,Real/Multispectral/misc/B2/1_BAND2patch_54_sub_patch_13_scene3_bz.bmp,1,1
Real/Multispectral/noise/B2/3_BAND2patch_48_sub_patch_2_ns.bmp,Real/Multispectral/stripes/B2/3_BAND2patch_51_sub_patch_2_scene3_st_ns.bmp,0,0
Real/Multispectral/blur/B2/1_BAND2patch_35_sub_patch_8_scene2_bl.bmp,Real/Multispectral/clean/B2/0_Atlanta_nadir16_img_476_419_cl.bmp,0,0
Real/Multispectral/noise/B2/3_BAND2patch_48_sub_patch_2_ns.bmp,Real/Multispectral/noise/B2/2_BAND2patch_15_sub_patch_2_scene3_ns.bmp,1,1
Real/Multispectral/stripes/B2/3_BAND2patch_51_sub_patch_2_scene3_st_ns.bmp,Simulated/Multispectral/haze/B2/2_Atlanta_nadir44_img_257_176_cl.bmp,1,1
Simulated/Multispectral/haze/B2/1_BAND2patch_40_sub_patch_13_scene2.bmp,Real/Multispectral/misc/B2/1_BAND2patch_40_sub_patch_7_scene2_sa.bmp,1,1
Simulated/Multispectral/blur/B2/1_BAND2patch_17_sub_patch_8_scene2.bmp,Simulated/Multispectral/stripes/B2/3_Atlanta_nadir10_img_101_4_cl.bmp,0,0
Real/Multispectral/misc/B2/1_BAND2patch_42_sub_patch_8_msc_lines_ns_.bmp,Real/Multispectral/misc/B2/2_BAND2patch_6_sub_patch_13_scene2_bz.bmp,1,1
Real/Multispectral/misc/B2/2_BAND2patch_28_sub_patch_9_scene3_bz.bmp,Real/Multispectral/misc/B2/3_BAND2patch_47_sub_patch_13_ns_msc_lines_.bmp,0,0
Simulated/Multispectral/pogan/B2/2_Shanghai_img_2169_1301_cl.bmp,Real/Multispectral/blur/B2/2_BAND2patch_71_sub_patch_2_scene2_bl.bmp,1,1
Real/Multispectral/noise/B2/2_BAND2patch_3_sub_patch_11_ns_msc_pattern.bmp,Real/Multispectral/noise/B2/3_BAND2patch_19_sub_patch_11_scene2_ns.bmp,0,0
Real/Multispectral/blur/B2/3_BAND2patch_20_sub_patch_15_bl_.bmp,Simulated/Multispectral/blur/B2/3_Atlanta_nadir39_img_93_564_cl.bmp,1,1
Simulated/Multispectral/pogan/B2/1_Atlanta_nadir16_img_224_140_cl.bmp,Real/Multispectral/noise/B2/3_BAND2patch_20_sub_patch_4_scene2_ns.bmp,0,0
Real/Multispectral/misc/B2/3_BAND2patch_26_sub_patch_3_bz_.bmp,Real/Multispectral/misc/B2/1_BAND2patch_22_sub_patch_8_scene2_bz.bmp,1,1
Real/Multispectral/blur/B2/3_BAND2patch_70_sub_patch_11_ns_bl_.bmp,Simulated/Multispectral/blur/B2/3_BAND2patch_21_sub_patch_4.bmp,1,0
Real/Multispectral/haze/B2/3_BAND2patch_13_sub_patch_5_scene3_hz.bmp,Real/Multispectral/haze/B2/2_BAND2patch_54_sub_patch_1_scene3_hz.bmp,0,1
Real/Multispectral/misc/B2/2_BAND2patch_6_sub_patch_13_scene2_bz.bmp,Real/Multispectral/misc/B2/3_BAND2patch_30_sub_patch_1_scene2_msc.bmp,1,1
Real/Multispectral/noise/B2/1_BAND2patch_20_sub_patch_11_scene2_ns.bmp,Real/Multispectral/misc/B2/3_BAND2patch_54_sub_patch_3_scene2_bz.bmp,0,0
Simulated/Multispectral/blur/B2/3_BAND2patch_21_sub_patch_4.bmp,Real/Multispectral/misc/B2/1_BAND2patch_14_sub_patch_9_ns_sa_.bmp,1,1
Real/Multispectral/blur/B2/2_BAND2patch_71_sub_patch_2_scene2_bl.bmp,Simulated/Multispectral/blur/B2/3_Shanghai_img_5018_4467_cl.bmp,0,0
Real/Multispectral/haze/B2/2_BAND2patch_54_sub_patch_1_scene3_hz.bmp,Real/Multispectral/haze/B2/1_BAND2patch_13_sub_patch_2_bz_ns_check__.bmp,1,1
Simulated/Multispectral/blur/B2/3_BAND2patch_21_sub_patch_4.bmp,Real/Multispectral/misc/B2/1_BAND2patch_21_sub_patch_14_msc_lines_.bmp,1,1
Real/Multispectral/blur/B2/1_BAND2patch_38_sub_patch_5_bz_msc_.bmp,Simulated/Multispectral/stripes/B2/1_BAND2patch_62_sub_patch_14_scene2.bmp,1,1
Simulated/Multispectral/haze/B2/1_BAND2patch_40_sub_patch_13_scene2.bmp,Real/Multispectral/misc/B2/3_BAND2patch_54_sub_patch_3_scene2_bz.bmp,0,0
Real/Multispectral/blur/B2/1_BAND2patch_72_sub_patch_3_bl_ns_.bmp,Real/Multispectral/stripes/B2/3_BAND2patch_51_sub_patch_2_scene3_st_ns.bmp,0,0
Simulated/Multispectral/haze/B2/1_BAND2patch_49_sub_patch_12_scene2.bmp,Real/Multispectral/haze/B2/3_BAND2patch_13_sub_patch_5_scene3_hz.bmp,0,0
Real/Multispectral/haze/B2/1_BAND2patch_13_sub_patch_2_bz_ns_check__.bmp,Real/Multispectral/haze/B2/3_BAND2patch_13_sub_patch_5_scene3_hz.bmp,0,0
Real/Multispectral/misc/B2/2_BAND2patch_17_sub_patch_8_bl_msc_lines_ns__pn_level2_water.bmp,Real/Multispectral/haze/B2/1_BAND2patch_55_sub_patch_11_cl_.bmp,1,1
Simulated/Multispectral/haze/B2/3_Vegas_img_1480_536cl.bmp,Real/Multispectral/misc/B2/1_BAND2patch_44_sub_patch_1_scene2_sa.bmp,0,1
Real/Multispectral/stripes/B2/2_BAND2patch_42_sub_patch_6_scene3_st.bmp,Real/Multispectral/misc/B2/2_BAND2patch_19_sub_patch_5_scene2_msc.bmp,0,0
Real/Multispectral/misc/B2/2_BAND2patch_19_sub_patch_5_scene2_msc.bmp,Real/Multispectral/misc/B2/2_BAND2patch_6_sub_patch_13_scene2_bz.bmp,1,1
Real/Multispectral/misc/B2/1_BAND2patch_28_sub_patch_1_scene2_msc.bmp,Real/Multispectral/misc/B2/3_BAND2patch_30_sub_patch_3_scene3_bz.bmp,0,0
Simulated/Multispectral/haze/B2/1_Atlanta_nadir8_img_209_123_cl.bmp,Real/Multispectral/haze/B2/3_BAND2patch_13_sub_patch_5_scene3_hz.bmp,0,0
Real/Multispectral/haze/B2/1_BAND2patch_50_sub_patch_8_cl_.bmp,Simulated/Multispectral/haze/B2/1_BAND2patch_49_sub_patch_12_scene2.bmp,1,1
Real/Multispectral/noise/B2/2_BAND2patch_60_sub_patch_11_ns.bmp,Real/Multispectral/noise/B2/1_BAND2patch_20_sub_patch_11_scene2_ns.bmp,1,1
Real/Multispectral/haze/B2/1_BAND2patch_21_sub_patch_7_cl_.bmp,Real/Multispectral/clean/B2/0_Atlanta_nadir16_img_612_571_cl.bmp,1,1
Simulated/Multispectral/blur/B2/3_BAND2patch_21_sub_patch_4.bmp,Real/Multispectral/blur/B2/1_BAND2patch_45_sub_patch_5_scene3_bl.bmp,1,1
Simulated/Multispectral/stripes/B2/3_BAND2patch_17_sub_patch_6_scene3_cl.bmp,Real/Multispectral/misc/B2/1_BAND2patch_21_sub_patch_14_msc_lines_.bmp,1,1
Simulated/Multispectral/blur/B2/3_Atlanta_nadir8_img_168_77_cl.bmp,Real/Multispectral/blur/B2/1_BAND2patch_35_sub_patch_8_scene2_bl.bmp,1,1
Real/Multispectral/noise/B2/3_BAND2patch_48_sub_patch_2_ns.bmp,Real/Multispectral/misc/B2/2_BAND2patch_24_sub_patch_8_sa_msc_artifact_.bmp,0,0
Real/Multispectral/haze/B2/1_BAND2patch_13_sub_patch_2_bz_ns_check__.bmp,Simulated/Multispectral/haze/B2/1_BAND2patch_49_sub_patch_12_scene2.bmp,1,1
Real/Multispectral/misc/B2/2_BAND2patch_63_sub_patch_1_ns_msc_lines_.bmp,Real/Multispectral/misc/B2/1_BAND2patch_54_sub_patch_13_scene3_bz.bmp,1,1
Simulated/Multispectral/blur/B2/3_Atlanta_nadir8_img_168_77_cl.bmp,Simulated/Multispectral/stripes/B2/3_BAND2patch_17_sub_patch_6_scene3_cl.bmp,1,1
Real/Multispectral/haze/B2/1_BAND2patch_21_sub_patch_7_cl_.bmp,Simulated/Multispectral/haze/B2/3_Shanghai_img_1972_1082_cl.bmp,1,1
Simulated/Multispectral/pogan/B2/1_Atlanta_nadir16_img_224_140_cl.bmp,Simulated/Multispectral/blur/B2/2_Atlanta_nadir10_img_317_243_cl.bmp,0,1
Simulated/Multispectral/stripes/B2/1_Shanghai_img_599_5545_cl.bmp,Real/Multispectral/clean/B2/0_Atlanta_nadir44_img_396_330_cl.bmp,0,1
Simulated/Multispectral/stripes/B2/1_BAND2patch_62_sub_patch_14_scene2.bmp,Real/Multispectral/clean/B2/0_BAND2patch_49_sub_patch_15_scene2_cl.bmp,1,1
Real/Multispectral/blur/B2/1_BAND2patch_38_sub_patch_5_bz_msc_.bmp,Real/Multispectral/blur/B2/3_BAND2patch_70_sub_patch_11_ns_bl_.bmp,0,0
Real/Multispectral/blur/B2/1_BAND2patch_72_sub_patch_3_bl_ns_.bmp,Real/Multispectral/blur/B2/2_BAND2patch_71_sub_patch_2_scene2_bl.bmp,1,1
Simulated/Multispectral/blur/B2/1_BAND2patch_71_sub_patch_13_scene3_cl.bmp,Simulated/Multispectral/stripes/B2/1_Shanghai_img_599_5545_cl.bmp,0,0
Simulated/Multispectral/impulse/B2/2_Shanghai_img_5228_4700_cl.bmp,Real/Multispectral/misc/B2/2_BAND2patch_24_sub_patch_8_sa_msc_artifact_.bmp,0,0
Simulated/Multispectral/haze/B2/3_BAND2patch_18_sub_patch_8_scene3_cl.bmp,Real/Multispectral/haze/B2/1_BAND2patch_4_sub_patch_6_cl_.bmp,1,1
Real/Multispectral/misc/B2/3_BAND2patch_6_sub_patch_0_scene2_msc.bmp,Real/Multispectral/misc/B2/3_BAND2patch_26_sub_patch_3_bz_.bmp,0,0
Real/Multispectral/noise/B2/3_BAND2patch_20_sub_patch_4_scene2_ns.bmp,Simulated/Multispectral/blur/B2/3_BAND2patch_21_sub_patch_4.bmp,1,1
Real/Multispectral/noise/B2/3_BAND2patch_39_sub_patch_15_ns.bmp,Real/Multispectral/misc/B2/1_BAND2patch_14_sub_patch_9_ns_sa_.bmp,1,1
Real/Multispectral/noise/B2/2_BAND2patch_15_sub_patch_2_scene3_ns.bmp,Real/Multispectral/noise/B2/3_BAND2patch_39_sub_patch_15_ns.bmp,0,0
Real/Multispectral/misc/B2/3_BAND2patch_79_sub_patch_12_msc_lines_bz_.bmp,Real/Multispectral/misc/B2/3_BAND2patch_47_sub_patch_13_ns_msc_lines_.bmp,1,1
Simulated/Multispectral/blur/B2/3_Shanghai_img_5018_4467_cl.bmp,Real/Multispectral/haze/B2/2_BAND2patch_54_sub_patch_1_scene3_hz.bmp,0,1
Simulated/Multispectral/blur/B2/3_BAND2patch_21_sub_patch_4.bmp,Simulated/Multispectral/haze/B2/1_Atlanta_nadir8_img_209_123_cl.bmp,1,1
Real/Multispectral/misc/B2/3_BAND2patch_54_sub_patch_3_scene2_bz.bmp,Real/Multispectral/misc/B2/1_BAND2patch_30_sub_patch_11_scene2_bz.bmp,1,1
Real/Multispectral/noise/B2/2_BAND2patch_3_sub_patch_11_ns_msc_pattern.bmp,Simulated/Multispectral/impulse/B2/3_Shanghai_img_2015_1131_cl.bmp,0,0
Simulated/Multispectral/pogan/B2/1_Atlanta_nadir16_img_224_140_cl.bmp,Real/Multispectral/misc/B2/2_BAND2patch_67_sub_patch_7_ns_sa_.bmp,0,0
Simulated/Multispectral/haze/B2/1_Atlanta_nadir8_img_209_123_cl.bmp,Real/Multispectral/misc/B2/2_BAND2patch_6_sub_patch_4_scene2_msc.bmp,0,0
Real/Multispectral/misc/B2/2_BAND2patch_17_sub_patch_8_bl_msc_lines_ns__pn_level2_water.bmp,Simulated/Multispectral/haze/B2/3_Vegas_img_1480_536cl.bmp,1,1
Simulated/Multispectral/impulse/B2/1_BAND2patch_39_sub_patch_8_scene2.bmp,Real/Multispectral/misc/B2/2_BAND2patch_6_sub_patch_4_scene2_msc.bmp,0,1
Real/Multispectral/stripes/B2/2_BAND2patch_42_sub_patch_6_scene3_st.bmp,Real/Multispectral/misc/B2/3_BAND2patch_20_sub_patch_3_scene3_bz_sa.bmp,0,0
Real/Multispectral/noise/B2/3_BAND2patch_19_sub_patch_11_scene2_ns.bmp,Real/Multispectral/noise/B2/3_BAND2patch_39_sub_patch_15_ns.bmp,1,1
Real/Multispectral/noise/B2/2_BAND2patch_60_sub_patch_11_ns.bmp,Real/Multispectral/stripes/B2/2_BAND2patch_42_sub_patch_6_scene3_st.bmp,1,1
Real/Multispectral/noise/B2/3_BAND2patch_48_sub_patch_2_ns.bmp,Simulated/Multispectral/pogan/B2/1_BAND2patch_37_sub_patch_15.bmp,1,1
Simulated/Multispectral/haze/B2/3_BAND2patch_18_sub_patch_8_scene3_cl.bmp,Real/Multispectral/haze/B2/1_BAND2patch_24_sub_patch_4_scene3_hz.bmp,0,0
Real/Multispectral/noise/B2/2_BAND2patch_60_sub_patch_11_ns.bmp,Simulated/Multispectral/impulse/B2/1_BAND2patch_16_sub_patch_15_scene3_cl.bmp,1,1
Simulated/Multispectral/stripes/B2/1_BAND2patch_45_sub_patch_13_scene3_cl.bmp,Real/Multispectral/misc/B2/1_BAND2patch_22_sub_patch_8_scene2_bz.bmp,1,1
Real/Multispectral/noise/B2/3_BAND2patch_19_sub_patch_11_scene2_ns.bmp,Simulated/Multispectral/blur/B2/3_Atlanta_nadir8_img_168_77_cl.bmp,0,0
Real/Multispectral/noise/B2/3_BAND2patch_39_sub_patch_15_ns.bmp,Simulated/Multispectral/pogan/B2/1_BAND2patch_28_sub_patch_15_scene2.bmp,1,1
Simulated/Multispectral/blur/B2/1_BAND2patch_71_sub_patch_13_scene3_cl.bmp,Real/Multispectral/misc/B2/1_BAND2patch_30_sub_patch_11_scene2_bz.bmp,1,1
Simulated/Multispectral/blur/B2/1_Vegas_img_1175_197cl_b1check.bmp,Real/Multispectral/misc/B2/2_BAND2patch_63_sub_patch_1_ns_msc_lines_.bmp,0,0
Simulated/Multispectral/blur/B2/3_BAND2patch_21_sub_patch_4.bmp,Real/Multispectral/misc/B2/2_BAND2patch_6_sub_patch_4_scene2_msc.bmp,1,1
Real/Multispectral/noise/B2/2_BAND2patch_15_sub_patch_2_scene3_ns.bmp,Simulated/Multispectral/stripes/B2/3_BAND2patch_17_sub_patch_6_scene3_cl.bmp,1,1
Real/Multispectral/noise/B2/2_BAND2patch_3_sub_patch_11_ns_msc_pattern.bmp,Simulated/Multispectral/haze/B2/1_BAND2patch_40_sub_patch_13_scene2.bmp,1,1
Real/Multispectral/blur/B2/3_BAND2patch_70_sub_patch_11_ns_bl_.bmp,Real/Multispectral/misc/B2/2_BAND2patch_17_sub_patch_8_bl_msc_lines_ns__pn_level2_water.bmp,0,0
Real/Multispectral/misc/B2/2_BAND2patch_6_sub_patch_4_scene2_msc.bmp,Real/Multispectral/misc/B2/1_BAND2patch_21_sub_patch_14_msc_lines_.bmp,1,1
Real/Multispectral/noise/B2/3_BAND2patch_20_sub_patch_4_scene2_ns.bmp,Simulated/Multispectral/impulse/B2/2_BAND2patch_26_sub_patch_4_scene3_cl.bmp,1,1
Real/Multispectral/misc/B2/2_BAND2patch_47_sub_patch_5_cl_.bmp,Real/Multispectral/misc/B2/1_BAND2patch_63_sub_patch_5_msc_lines_ns_.bmp,0,0
Real/Multispectral/stripes/B2/1_BAND2patch_28_sub_patch_1_scene2_st.bmp,Simulated/Multispectral/haze/B2/3_BAND2patch_18_sub_patch_8_scene3_cl.bmp,1,0
Real/Multispectral/noise/B2/2_BAND2patch_60_sub_patch_11_ns.bmp,Real/Multispectral/noise/B2/2_BAND2patch_19_sub_patch_5_scene2_ns.bmp,1,1
