image1,image2,labels_5,labels_7
Real/Multispectral/blur/B2/1_BAND2patch_38_sub_patch_5_bz_msc_.bmp,Simulated/Multispectral/stripes/B2/1_BAND2patch_62_sub_patch_14_scene2.bmp,1,1
Real/Multispectral/noise/B2/2_BAND2patch_3_sub_patch_11_ns_msc_pattern.bmp,Simulated/Multispectral/haze/B2/1_BAND2patch_49_sub_patch_12_scene2.bmp,1,1
Real/Multispectral/stripes/B2/1_BAND2patch_52_sub_patch_0_scene3_st_cl.bmp,Real/Multispectral/haze/B2/2_BAND2patch_26_sub_patch_2_ns_np_hz_check_.bmp,0,0
Real/Multispectral/noise/B2/3_BAND2patch_19_sub_patch_11_scene2_ns.bmp,Real/Multispectral/noise/B2/1_BAND2patch_27_sub_patch_2_scene3_ns.bmp,1,1
Simulated/Multispectral/pogan/B2/1_BAND2patch_37_sub_patch_15.bmp,Simulated/Multispectral/haze/B2/3_BAND2patch_18_sub_patch_8_scene3_cl.bmp,1,1
Real/Multispectral/noise/B2/1_BAND2patch_61_sub_patch_6_ns_bl_.bmp,Simulated/Multispectral/impulse/B2/2_BAND2patch_26_sub_patch_4_scene3_cl.bmp,0,0
Real/Multispectral/haze/B2/1_BAND2patch_21_sub_patch_7_cl_.bmp,Real/Multispectral/clean/B2/0_Atlanta_nadir16_img_612_571_cl.bmp,1,1
Real/Multispectral/misc/B2/1_BAND2patch_28_sub_patch_8_scene2_msc.bmp,Real/Multispectral/misc/B2/2_BAND2patch_52_sub_patch_13_bz_.bmp,0,0
Real/Multispectral/noise/B2/1_BAND2patch_27_sub_patch_2_scene3_ns.bmp,Real/Multispectral/haze/B2/2_BAND2patch_13_sub_patch_11_ns_ni_np_hz_.bmp,0,0
Simulated/Multispectral/blur/B2/2_Atlanta_nadir10_img_317_243_cl.bmp,Real/Multispectral/misc/B2/1_BAND2patch_22_sub_patch_8_scene2_bz.bmp,0,0
Simulated/Multispectral/impulse/B2/2_Shanghai_img_5228_4700_cl.bmp,Real/Multispectral/blur/B2/1_BAND2patch_35_sub_patch_8_scene2_bl.bmp,1,1
Real/Multispectral/noise/B2/3_BAND2patch_20_sub_patch_4_scene2_ns.bmp,Simulated/Multispectral/pogan/B2/2_BAND2patch_35_sub_patch_5_scene2.bmp,1,1
Real/Multispectral/noise/B2/1_BAND2patch_27_sub_patch_2_scene3_ns.bmp,Real/Multispectral/noise/B2/3_BAND2patch_19_sub_patch_11_scene2_ns.bmp,0,0
Real/Multispectral/noise/B2/2_BAND2patch_15_sub_patch_2_scene3_ns.bmp,Real/Multispectral/haze/B2/3_BAND2patch_13_sub_patch_5_scene3_hz.bmp,1,1
Simulated/Multispectral/stripes/B2/2_BAND2patch_12_sub_patch_10.bmp,Real/Multispectral/misc/B2/1_BAND2patch_26_sub_patch_8_scene2_sa.bmp,1,1
Simulated/Multispectral/blur/B2/1_BAND2patch_71_sub_patch_13_scene3_cl.bmp,Real/Multispectral/misc/B2/2_BAND2patch_32_sub_patch_6_msc_lines_.bmp,0,0
Real/Multispectral/noise/B2/1_BAND2patch_27_sub_patch_2_scene3_ns.bmp,Real/Multispectral/haze/B2/1_BAND2patch_13_sub_patch_2_bz_ns_check__.bmp,0,1
Real/Multispectral/stripes/B2/2_BAND2patch_42_sub_patch_6_scene3_st.bmp,Simulated/Multispectral/haze/B2/1_Atlanta_nadir8_img_209_123_cl.bmp,1,1
Simulated/Multispectral/blur/B2/3_Atlanta_nadir39_img_93_564_cl.bmp,Simulated/Multispectral/stripes/B2/1_BAND2patch_45_sub_patch_13_scene3_cl.bmp,0,0
Real/Multispectral/blur/B2/2_BAND2patch_29_sub_patch_10_bl_.bmp,Real/Multispectral/blur/B2/3_BAND2patch_37_sub_patch_7_bz_.bmp,0,0
Real/Multispectral/haze/B2/2_BAND2patch_54_sub_patch_1_scene3_hz.bmp,Real/Multispectral/haze/B2/1_BAND2patch_13_sub_patch_2_bz_ns_check__.bmp,1,1
Simulated/Multispectral/blur/B2/1_BAND2patch_71_sub_patch_13_scene3_cl.bmp,Real/Multispectral/misc/B2/3_BAND2patch_6_sub_patch_0_scene2_msc.bmp,0,1
Simulated/Multispectral/impulse/B2/2_BAND2patch_26_sub_patch_4_scene3_cl.bmp,Real/Multispectral/noise/B2/3_BAND2patch_19_sub_patch_11_scene2_ns.bmp,0,0
Real/Multispectral/noise/B2/3_BAND2patch_39_sub_patch_15_ns.bmp,Real/Multispectral/misc/B2/1_BAND2patch_14_sub_patch_9_ns_sa_.bmp,1,1
Real/Multispectral/misc/B2/3_BAND2patch_30_sub_patch_3_scene3_bz.bmp,Real/Multispectral/misc/B2/1_BAND2patch_38_sub_patch_12_msc_bz_check_.bmp,1,1
Real/Multispectral/noise/B2/2_BAND2patch_3_sub_patch_11_ns_msc_pattern.bmp,Real/Multispectral/noise/B2/3_BAND2patch_19_sub_patch_11_scene2_ns.bmp,0,0
Real/Multispectral/stripes/B2/1_BAND2patch_28_sub_patch_1_scene2_st.bmp,Real/Multispectral/haze/B2/2_BAND2patch_26_sub_patch_2_ns_np_hz_check_.bmp,0,0
Real/Multispectral/haze/B2/3_BAND2patch_13_sub_patch_5_scene3_hz.bmp,Real/Multispectral/misc/B2/3_BAND2patch_30_sub_patch_1_scene2_msc.bmp,1,1
Real/Multispectral/haze/B2/3_BAND2patch_13_sub_patch_5_scene3_hz.bmp,Real/Multispectral/haze/B2/1_BAND2patch_4_sub_patch_6_cl_.bmp,1,1
Simulated/Multispectral/blur/B2/3_Atlanta_nadir8_img_168_77_cl.bmp,Simulated/Multispectral/haze/B2/3_Atlanta_nadir30_img_463_405_cl.bmp,1,1
Real/Multispectral/misc/B2/3_BAND2patch_20_sub_patch_6_scene2_bz.bmp,Real/Multispectral/misc/B2/1_BAND2patch_54_sub_patch_13_scene3_bz.bmp,0,0
Real/Multispectral/noise/B2/3_BAND2patch_48_sub_patch_2_ns.bmp,Real/Multispectral/noise/B2/3_BAND2patch_20_sub_patch_4_scene2_ns.bmp,0,0
Real/Multispectral/noise/B2/3_BAND2patch_20_sub_patch_4_scene2_ns.bmp,Real/Multispectral/noise/B2/1_BAND2patch_27_sub_patch_2_scene3_ns.bmp,1,1
Real/Multispectral/blur/B2/1_BAND2patch_45_sub_patch_5_scene3_bl.bmp,Real/Multispectral/misc/B2/2_BAND2patch_32_sub_patch_6_msc_lines_.bmp,0,0
Real/Multispectral/misc/B2/2_BAND2patch_52_sub_patch_13_bz_.bmp,Real/Multispectral/misc/B2/2_BAND2patch_6_sub_patch_12_scene2_msc.bmp,1,1
Simulated/Multispectral/impulse/B2/1_Vegas_img_1580_647cl_b1_check.bmp,Simulated/Multispectral/haze/B2/3_BAND2patch_18_sub_patch_8_scene3_cl.bmp,0,0
Real/Multispectral/haze/B2/1_BAND2patch_13_sub_patch_2_bz_ns_check__.bmp,Simulated/Multispectral/haze/B2/1_BAND2patch_49_sub_patch_12_scene2.bmp,1,1
Real/Multispectral/noise/B2/2_BAND2patch_17_sub_patch_10_scene2_ns.bmp,Simulated/Multispectral/pogan/B2/1_Atlanta_nadir16_img_224_140_cl.bmp,0,0
Simulated/Multispectral/blur/B2/3_Atlanta_nadir39_img_93_564_cl.bmp,Real/Multispectral/misc/B2/2_BAND2patch_32_sub_patch_6_msc_lines_.bmp,0,0
Simulated/Multispectral/impulse/B2/3_Atlanta_nadir16_img_281_203_cl.bmp,Real/Multispectral/noise/B2/2_BAND2patch_19_sub_patch_5_scene2_ns.bmp,1,1
Real/Multispectral/noise/B2/2_BAND2patch_19_sub_patch_5_scene2_ns.bmp,Real/Multispectral/noise/B2/3_BAND2patch_48_sub_patch_2_ns.bmp,0,0
Real/Multispectral/noise/B2/1_BAND2patch_61_sub_patch_6_ns_bl_.bmp,Real/Multispectral/noise/B2/3_BAND2patch_48_sub_patch_2_ns.bmp,0,0
Simulated/Multispectral/impulse/B2/2_BAND2patch_60_sub_patch_0.bmp,Simulated/Multispectral/blur/B2/1_Vegas_img_1175_197cl_b1check.bmp,1,1
Simulated/Multispectral/blur/B2/2_BAND2patch_21_sub_patch_4.bmp,Real/Multispectral/misc/B2/1_BAND2patch_6_sub_patch_6_scene3_bz_bl.bmp,0,0
Simulated/Multispectral/pogan/B2/1_Atlanta_nadir16_img_224_140_cl.bmp,Real/Multispectral/noise/B2/3_BAND2patch_20_sub_patch_4_scene2_ns.bmp,0,0
Simulated/Multispectral/haze/B2/2_Vegas_img_4635_4041cl.bmp,Real/Multispectral/haze/B2/1_BAND2patch_24_sub_patch_4_scene3_hz.bmp,0,0
Real/Multispectral/stripes/B2/1_BAND2patch_22_sub_patch_15_scene2_st.bmp,Simulated/Multispectral/haze/B2/1_BAND2patch_49_sub_patch_12_scene2.bmp,1,1
Simulated/Multispectral/stripes/B2/1_BAND2patch_45_sub_patch_13_scene3_cl.bmp,Real/Multispectral/misc/B2/3_BAND2patch_30_sub_patch_3_scene3_bz.bmp,0,0
Real/Multispectral/haze/B2/2_BAND2patch_54_sub_patch_1_scene3_hz.bmp,Simulated/Multispectral/haze/B2/3_Shanghai_img_1972_1082_cl.bmp,1,1
Simulated/Multispectral/pogan/B2/2_BAND2patch_35_sub_patch_5_scene2.bmp,Real/Multispectral/noise/B2/2_BAND2patch_15_sub_patch_2_scene3_ns.bmp,0,0
Simulated/Multispectral/stripes/B2/2_Vegas_img_2716_1909cl_b1_check.bmp,Real/Multispectral/misc/B2/2_BAND2patch_67_sub_patch_7_ns_sa_.bmp,0,0
Real/Multispectral/blur/B2/3_BAND2patch_37_sub_patch_7_bz_.bmp,Real/Multispectral/haze/B2/3_BAND2patch_13_sub_patch_5_scene3_hz.bmp,0,0
Real/Multispectral/misc/B2/1_BAND2patch_42_sub_patch_8_msc_lines_ns_.bmp,Real/Multispectral/misc/B2/3_BAND2patch_11_sub_patch_2_bz_.bmp,1,1
Real/Multispectral/blur/B2/3_BAND2patch_34_sub_patch_15_ns_bl_check_.bmp,Simulated/Multispectral/stripes/B2/2_Atlanta_nadir39_img_321_248_cl.bmp,0,0
Real/Multispectral/noise/B2/2_BAND2patch_17_sub_patch_10_scene2_ns.bmp,Simulated/Multispectral/impulse/B2/3_BAND2patch_49_sub_patch_11_scene2.bmp,0,0
Simulated/Multispectral/pogan/B2/2_Atlanta_nadir39_img_267_187_cl.bmp,Real/Multispectral/stripes/B2/1_BAND2patch_22_sub_patch_15_scene2_st.bmp,1,1
Real/Multispectral/noise/B2/1_BAND2patch_77_sub_patch_2_ns.bmp,Simulated/Multispectral/pogan/B2/2_Vegas_img_3524_2807cl.bmp,0,0
Real/Multispectral/blur/B2/1_BAND2patch_72_sub_patch_3_bl_ns_.bmp,Real/Multispectral/blur/B2/2_BAND2patch_71_sub_patch_2_scene2_bl.bmp,1,1
Real/Multispectral/blur/B2/1_BAND2patch_35_sub_patch_8_scene2_bl.bmp,Simulated/Multispectral/blur/B2/2_Shanghai_img_1154_174_cl.bmp,0,0
Real/Multispectral/noise/B2/1_BAND2patch_77_sub_patch_2_ns.bmp,Real/Multispectral/blur/B2/2_BAND2patch_71_sub_patch_2_scene2_bl.bmp,1,1
Simulated/Multispectral/impulse/B2/1_BAND2patch_16_sub_patch_15_scene3_cl.bmp,Real/Multispectral/misc/B2/1_BAND2patch_26_sub_patch_8_scene2_sa.bmp,1,1
Simulated/Multispectral/impulse/B2/3_BAND2patch_49_sub_patch_11_scene2.bmp,Real/Multispectral/stripes/B2/1_BAND2patch_28_sub_patch_1_scene2_st.bmp,1,1
Real/Multispectral/haze/B2/3_BAND2patch_13_sub_patch_5_scene3_hz.bmp,Real/Multispectral/haze/B2/2_BAND2patch_32_sub_patch_2_ns_ni_hz_.bmp,0,0
Real/Multispectral/stripes/B2/3_BAND2patch_51_sub_patch_2_scene3_st_ns.bmp,Real/Multispectral/haze/B2/2_BAND2patch_54_sub_patch_1_scene3_hz.bmp,1,1
Real/Multispectral/misc/B2/3_BAND2patch_51_sub_patch_7_scene3_st_sa.bmp,Real/Multispectral/clean/B2/0_Vegas_img_3066_2298cl_b1_check.bmp,1,1
Simulated/Multispectral/impulse/B2/2_BAND2patch_60_sub_patch_0.bmp,Real/Multispectral/noise/B2/1_BAND2patch_27_sub_patch_2_scene3_ns.bmp,1,1
Real/Multispectral/misc/B2/1_BAND2patch_42_sub_patch_8_msc_lines_ns_.bmp,Real/Multispectral/misc/B2/1_BAND2patch_54_sub_patch_13_scene3_bz.bmp,1,1
Simulated/Multispectral/haze/B2/2_BAND2patch_30_sub_patch_10_scene2.bmp,Real/Multispectral/haze/B2/2_BAND2patch_12_sub_patch_5_bl_ns_.bmp,0,0
Simulated/Multispectral/haze/B2/2_BAND2patch_30_sub_patch_10_scene2.bmp,Real/Multispectral/haze/B2/1_BAND2patch_4_sub_patch_6_cl_.bmp,1,1
Real/Multispectral/noise/B2/1_BAND2patch_61_sub_patch_6_ns_bl_.bmp,Real/Multispectral/clean/B2/0_Atlanta_nadir16_img_612_571_cl.bmp,1,1
Simulated/Multispectral/stripes/B2/3_Atlanta_nadir10_img_101_4_cl.bmp,Real/Multispectral/misc/B2/3_BAND2patch_30_sub_patch_8_scene2_msc.bmp,1,1
Real/Multispectral/haze/B2/2_BAND2patch_54_sub_patch_1_scene3_hz.bmp,Real/Multispectral/misc/B2/1_BAND2patch_6_sub_patch_6_scene3_bz_bl.bmp,1,1
Real/Multispectral/haze/B2/2_BAND2patch_26_sub_patch_2_ns_np_hz_check_.bmp,Simulated/Multispectral/haze/B2/2_Vegas_img_4635_4041cl.bmp,1,1
Real/Multispectral/noise/B2/1_BAND2patch_61_sub_patch_6_ns_bl_.bmp,Real/Multispectral/noise/B2/3_BAND2patch_20_sub_patch_4_scene2_ns.bmp,0,0
Real/Multispectral/noise/B2/3_BAND2patch_19_sub_patch_11_scene2_ns.bmp,Real/Multispectral/noise/B2/3_BAND2patch_39_sub_patch_15_ns.bmp,1,1
Simulated/Multispectral/haze/B2/3_Shanghai_img_1972_1082_cl.bmp,Real/Multispectral/haze/B2/2_BAND2patch_26_sub_patch_2_ns_np_hz_check_.bmp,0,0
Real/Multispectral/blur/B2/1_BAND2patch_45_sub_patch_5_scene3_bl.bmp,Simulated/Multispectral/blur/B2/1_BAND2patch_71_sub_patch_13_scene3_cl.bmp,1,0
Simulated/Multispectral/blur/B2/2_Atlanta_nadir10_img_317_243_cl.bmp,Real/Multispectral/stripes/B2/1_BAND2patch_28_sub_patch_1_scene2_st.bmp,0,0
Real/Multispectral/haze/B2/3_BAND2patch_13_sub_patch_5_scene3_hz.bmp,Real/Multispectral/haze/B2/2_BAND2patch_54_sub_patch_1_scene3_hz.bmp,0,1
Simulated/Multispectral/blur/B2/1_Vegas_img_1175_197cl_b1check.bmp,Real/Multispectral/blur/B2/2_BAND2patch_72_sub_patch_2_scene3_bl.bmp,1,1
Simulated/Multispectral/stripes/B2/1_BAND2patch_45_sub_patch_13_scene3_cl.bmp,Real/Multispectral/misc/B2/1_BAND2patch_22_sub_patch_8_scene2_bz.bmp,1,1
Real/Multispectral/blur/B2/2_BAND2patch_71_sub_patch_2_scene2_bl.bmp,Simulated/Multispectral/blur/B2/3_Shanghai_img_5018_4467_cl.bmp,0,0
Real/Multispectral/misc/B2/2_BAND2patch_32_sub_patch_6_msc_lines_.bmp,Real/Multispectral/misc/B2/3_BAND2patch_11_sub_patch_2_bz_.bmp,1,1
Simulated/Multispectral/stripes/B2/3_Atlanta_nadir10_img_101_4_cl.bmp,Simulated/Multispectral/haze/B2/1_Shanghai_img_4403_3784_cl_b1check.bmp,1,1
Real/Multispectral/noise/B2/3_BAND2patch_20_sub_patch_4_scene2_ns.bmp,Simulated/Multispectral/stripes/B2/2_BAND2patch_12_sub_patch_10.bmp,1,1
Real/Multispectral/noise/B2/3_BAND2patch_48_sub_patch_2_ns.bmp,Simulated/Multispectral/pogan/B2/2_Atlanta_nadir39_img_267_187_cl.bmp,1,1
Simulated/Multispectral/blur/B2/1_Shanghai_img_1154_174_cl.bmp,Real/Multispectral/blur/B2/3_BAND2patch_37_sub_patch_7_bz_.bmp,0,0
Simulated/Multispectral/impulse/B2/2_Atlanta_nadir39_img_353_283_cl.bmp,Real/Multispectral/misc/B2/3_BAND2patch_20_sub_patch_6_scene2_bz.bmp,1,1
Simulated/Multispectral/blur/B2/1_Shanghai_img_1154_174_cl.bmp,Real/Multispectral/clean/B2/0_Vegas_img_3066_2298cl_b1_check.bmp,1,1
Real/Multispectral/misc/B2/1_BAND2patch_31_sub_patch_15_scene3_msc_lines.bmp,Real/Multispectral/misc/B2/3_BAND2patch_30_sub_patch_8_scene2_msc.bmp,0,0
Real/Multispectral/misc/B2/2_BAND2patch_62_sub_patch_8_scene3_bz.bmp,Real/Multispectral/misc/B2/1_BAND2patch_38_sub_patch_12_msc_bz_check_.bmp,1,1
Simulated/Multispectral/stripes/B2/1_BAND2patch_62_sub_patch_14_scene2.bmp,Simulated/Multispectral/haze/B2/3_BAND2patch_9_sub_patch_7_scene3_cl.bmp,0,0
Simulated/Multispectral/haze/B2/3_BAND2patch_18_sub_patch_8_scene3_cl.bmp,Real/Multispectral/haze/B2/1_BAND2patch_24_sub_patch_4_scene3_hz.bmp,0,0
Simulated/Multispectral/stripes/B2/1_BAND2patch_45_sub_patch_13_scene3_cl.bmp,Real/Multispectral/clean/B2/0_Atlanta_nadir10_img_136_42_cl.bmp,1,1
Real/Multispectral/noise/B2/2_BAND2patch_19_sub_patch_5_scene2_ns.bmp,Real/Multispectral/misc/B2/1_BAND2patch_38_sub_patch_12_msc_bz_check_.bmp,1,1
Simulated/Multispectral/haze/B2/1_Atlanta_nadir8_img_209_123_cl.bmp,Real/Multispectral/haze/B2/2_BAND2patch_32_sub_patch_2_ns_ni_hz_.bmp,0,0
Simulated/Multispectral/haze/B2/1_BAND2patch_49_sub_patch_12_scene2.bmp,Real/Multispectral/haze/B2/3_BAND2patch_13_sub_patch_5_scene3_hz.bmp,0,0
Real/Multispectral/blur/B2/1_BAND2patch_72_sub_patch_3_bl_ns_.bmp,Real/Multispectral/stripes/B2/3_BAND2patch_51_sub_patch_2_scene3_st_ns.bmp,0,0
Real/Multispectral/blur/B2/2_BAND2patch_29_sub_patch_10_bl_.bmp,Real/Multispectral/misc/B2/1_BAND2patch_38_sub_patch_12_msc_bz_check_.bmp,1,1
Simulated/Multispectral/impulse/B2/1_Vegas_img_1580_647cl_b1_check.bmp,Real/Multispectral/noise/B2/3_BAND2patch_20_sub_patch_4_scene2_ns.bmp,0,0
Real/Multispectral/noise/B2/3_BAND2patch_19_sub_patch_11_scene2_ns.bmp,Simulated/Multispectral/stripes/B2/2_Vegas_img_2716_1909cl_b1_check.bmp,1,1
Real/Multispectral/noise/B2/1_BAND2patch_27_sub_patch_2_scene3_ns.bmp,Simulated/Multispectral/pogan/B2/2_BAND2patch_35_sub_patch_5_scene2.bmp,0,0
Real/Multispectral/haze/B2/3_BAND2patch_13_sub_patch_5_scene3_hz.bmp,Simulated/Multispectral/haze/B2/2_Vegas_img_4635_4041cl.bmp,1,1
Simulated/Multispectral/haze/B2/1_BAND2patch_44_sub_patch_11_scene3_cl.bmp,Real/Multispectral/clean/B2/0_Atlanta_nadir16_img_38_312_cl_b2.bmp,0,1
Real/Multispectral/misc/B2/2_BAND2patch_62_sub_patch_8_scene3_bz.bmp,Real/Multispectral/misc/B2/2_BAND2patch_32_sub_patch_6_msc_lines_.bmp,1,1
Simulated/Multispectral/haze/B2/3_Atlanta_nadir30_img_463_405_cl.bmp,Real/Multispectral/haze/B2/3_BAND2patch_13_sub_patch_5_scene3_hz.bmp,0,0
Real/Multispectral/misc/B2/1_BAND2patch_54_sub_patch_13_scene3_bz.bmp,Real/Multispectral/clean/B2/0_Atlanta_nadir10_img_136_42_cl.bmp,1,1
Simulated/Multispectral/haze/B2/2_BAND2patch_30_sub_patch_10_scene2.bmp,Real/Multispectral/misc/B2/2_BAND2patch_57_sub_patch_12_scene2_bz.bmp,1,1
Real/Multispectral/misc/B2/1_BAND2patch_54_sub_patch_13_scene3_bz.bmp,Real/Multispectral/misc/B2/2_BAND2patch_19_sub_patch_5_scene2_msc.bmp,1,0
Real/Multispectral/misc/B2/1_BAND2patch_22_sub_patch_8_scene2_bz.bmp,Real/Multispectral/misc/B2/3_BAND2patch_30_sub_patch_1_scene2_msc.bmp,0,0
Real/Multispectral/blur/B2/1_BAND2patch_72_sub_patch_3_bl_ns_.bmp,Real/Multispectral/haze/B2/2_BAND2patch_26_sub_patch_2_ns_np_hz_check_.bmp,0,0
Real/Multispectral/misc/B2/2_BAND2patch_57_sub_patch_12_scene2_bz.bmp,Real/Multispectral/misc/B2/3_BAND2patch_30_sub_patch_1_scene2_msc.bmp,0,0
Real/Multispectral/blur/B2/3_BAND2patch_37_sub_patch_7_bz_.bmp,Simulated/Multispectral/blur/B2/2_Atlanta_nadir10_img_317_243_cl.bmp,1,1
Real/Multispectral/noise/B2/3_BAND2patch_19_sub_patch_11_scene2_ns.bmp,Real/Multispectral/blur/B2/2_BAND2patch_78_sub_patch_0_bz_.bmp,1,1
Real/Multispectral/noise/B2/3_BAND2patch_48_sub_patch_2_ns.bmp,Simulated/Multispectral/impulse/B2/2_Shanghai_img_5228_4700_cl.bmp,1,1
Simulated/Multispectral/impulse/B2/1_BAND2patch_16_sub_patch_15_scene3_cl.bmp,Simulated/Multispectral/blur/B2/2_Atlanta_nadir10_img_317_243_cl.bmp,1,1
Real/Multispectral/blur/B2/3_BAND2patch_20_sub_patch_15_bl_.bmp,Simulated/Multispectral/blur/B2/3_Atlanta_nadir39_img_93_564_cl.bmp,1,1
Simulated/Multispectral/impulse/B2/1_BAND2patch_16_sub_patch_15_scene3_cl.bmp,Real/Multispectral/blur/B2/3_BAND2patch_37_sub_patch_7_bz_.bmp,1,1
Real/Multispectral/blur/B2/3_BAND2patch_20_sub_patch_15_bl_.bmp,Real/Multispectral/blur/B2/3_BAND2patch_37_sub_patch_7_bz_.bmp,0,0
Real/Multispectral/haze/B2/2_BAND2patch_54_sub_patch_1_scene3_hz.bmp,Real/Multispectral/haze/B2/1_BAND2patch_4_sub_patch_6_cl_.bmp,1,1
Simulated/Multispectral/blur/B2/2_BAND2patch_21_sub_patch_4.bmp,Real/Multispectral/misc/B2/3_BAND2patch_6_sub_patch_0_scene2_msc.bmp,0,0
Simulated/Multispectral/impulse/B2/2_Atlanta_nadir39_img_353_283_cl.bmp,Simulated/Multispectral/haze/B2/3_BAND2patch_18_sub_patch_8_scene3_cl.bmp,1,1
Real/Multispectral/noise/B2/3_BAND2patch_20_sub_patch_4_scene2_ns.bmp,Real/Multispectral/noise/B2/3_BAND2patch_19_sub_patch_11_scene2_ns.bmp,1,1
Simulated/Multispectral/blur/B2/3_Shanghai_img_5018_4467_cl.bmp,Real/Multispectral/blur/B2/3_BAND2patch_20_sub_patch_15_bl_.bmp,1,1
Simulated/Multispectral/haze/B2/1_Atlanta_nadir8_img_209_123_cl.bmp,Real/Multispectral/misc/B2/2_BAND2patch_6_sub_patch_4_scene2_msc.bmp,0,0
Real/Multispectral/misc/B2/1_BAND2patch_42_sub_patch_8_msc_lines_ns_.bmp,Real/Multispectral/misc/B2/2_BAND2patch_6_sub_patch_13_scene2_bz.bmp,1,1
Simulated/Multispectral/pogan/B2/1_Atlanta_nadir16_img_224_140_cl.bmp,Real/Multispectral/misc/B2/2_BAND2patch_67_sub_patch_7_ns_sa_.bmp,0,0
Simulated/Multispectral/stripes/B2/3_BAND2patch_17_sub_patch_11_scene2.bmp,Simulated/Multispectral/haze/B2/2_BAND2patch_30_sub_patch_10_scene2.bmp,1,1
Real/Multispectral/noise/B2/3_BAND2patch_20_sub_patch_4_scene2_ns.bmp,Simulated/Multispectral/blur/B2/3_Atlanta_nadir39_img_93_564_cl.bmp,1,1
Simulated/Multispectral/pogan/B2/2_Shanghai_img_2169_1301_cl.bmp,Real/Multispectral/blur/B2/2_BAND2patch_71_sub_patch_2_scene2_bl.bmp,1,1
Real/Multispectral/haze/B2/2_BAND2patch_12_sub_patch_5_bl_ns_.bmp,Real/Multispectral/misc/B2/3_BAND2patch_19_sub_patch_10_ns_sa_.bmp,0,0
Simulated/Multispectral/impulse/B2/1_Atlanta_nadir8_img_156_64_cl.bmp,Simulated/Multispectral/blur/B2/3_Atlanta_nadir39_img_93_564_cl.bmp,1,1
Real/Multispectral/misc/B2/3_BAND2patch_30_sub_patch_8_scene2_msc.bmp,Real/Multispectral/misc/B2/1_BAND2patch_54_sub_patch_13_scene3_bz.bmp,0,1
Simulated/Multispectral/stripes/B2/2_BAND2patch_12_sub_patch_10.bmp,Real/Multispectral/misc/B2/3_BAND2patch_6_sub_patch_0_scene2_msc.bmp,0,1
Real/Multispectral/noise/B2/2_BAND2patch_19_sub_patch_5_scene2_ns.bmp,Simulated/Multispectral/stripes/B2/1_BAND2patch_45_sub_patch_13_scene3_cl.bmp,0,0
Simulated/Multispectral/stripes/B2/3_Atlanta_nadir8_img_38_312_cl.bmp,Real/Multispectral/misc/B2/2_BAND2patch_32_sub_patch_6_msc_lines_.bmp,0,1
Simulated/Multispectral/pogan/B2/2_Vegas_img_3524_2807cl.bmp,Simulated/Multispectral/blur/B2/2_Atlanta_nadir10_img_317_243_cl.bmp,0,1
Simulated/Multispectral/impulse/B2/3_BAND2patch_29_sub_patch_7.bmp,Real/Multispectral/misc/B2/1_BAND2patch_28_sub_patch_8_scene2_msc.bmp,1,1
Simulated/Multispectral/stripes/B2/2_Vegas_img_2716_1909cl_b1_check.bmp,Real/Multispectral/clean/B2/0_Atlanta_nadir8_img_453_394_cl.bmp,1,1
Simulated/Multispectral/impulse/B2/1_Shanghai_img_1565_630_cl.bmp,Real/Multispectral/noise/B2/2_BAND2patch_17_sub_patch_10_scene2_ns.bmp,1,1
Real/Multispectral/misc/B2/1_BAND2patch_6_sub_patch_6_scene3_bz_bl.bmp,Real/Multispectral/misc/B2/3_BAND2patch_20_sub_patch_6_scene2_bz.bmp,1,1
Real/Multispectral/stripes/B2/1_BAND2patch_28_sub_patch_1_scene2_st.bmp,Simulated/Multispectral/haze/B2/3_BAND2patch_18_sub_patch_8_scene3_cl.bmp,1,0
Real/Multispectral/blur/B2/1_BAND2patch_38_sub_patch_5_bz_msc_.bmp,Real/Multispectral/stripes/B2/3_BAND2patch_51_sub_patch_2_scene3_st_ns.bmp,0,0
Simulated/Multispectral/stripes/B2/2_BAND2patch_12_sub_patch_10.bmp,Real/Multispectral/misc/B2/2_BAND2patch_67_sub_patch_7_ns_sa_.bmp,0,1
Simulated/Multispectral/haze/B2/1_Shanghai_img_4403_3784_cl_b1check.bmp,Real/Multispectral/clean/B2/0_Atlanta_nadir16_img_717_687_cl.bmp,0,0
Real/Multispectral/blur/B2/1_BAND2patch_38_sub_patch_5_bz_msc_.bmp,Simulated/Multispectral/haze/B2/1_Shanghai_img_4403_3784_cl_b1check.bmp,1,1
Real/Multispectral/blur/B2/1_BAND2patch_45_sub_patch_5_scene3_bl.bmp,Real/Multispectral/haze/B2/2_BAND2patch_26_sub_patch_2_ns_np_hz_check_.bmp,0,0
Real/Multispectral/haze/B2/1_BAND2patch_13_sub_patch_2_bz_ns_check__.bmp,Real/Multispectral/haze/B2/3_BAND2patch_13_sub_patch_5_scene3_hz.bmp,0,0
Real/Multispectral/blur/B2/3_BAND2patch_37_sub_patch_7_bz_.bmp,Simulated/Multispectral/stripes/B2/3_BAND2patch_17_sub_patch_11_scene2.bmp,0,0
Simulated/Multispectral/blur/B2/1_Vegas_img_1175_197cl_b1check.bmp,Real/Multispectral/blur/B2/3_BAND2patch_20_sub_patch_15_bl_.bmp,1,1
Real/Multispectral/haze/B2/2_BAND2patch_13_sub_patch_11_ns_ni_np_hz_.bmp,Simulated/Multispectral/haze/B2/3_BAND2patch_9_sub_patch_7_scene3_cl.bmp,0,0
Real/Multispectral/blur/B2/1_BAND2patch_35_sub_patch_8_scene2_bl.bmp,Simulated/Multispectral/haze/B2/2_Atlanta_nadir16_img_232_149_cl.bmp,0,0
Real/Multispectral/noise/B2/3_BAND2patch_48_sub_patch_2_ns.bmp,Real/Multispectral/noise/B2/2_BAND2patch_15_sub_patch_2_scene3_ns.bmp,1,1
Real/Multispectral/misc/B2/3_BAND2patch_30_sub_patch_3_scene3_bz.bmp,Real/Multispectral/misc/B2/1_BAND2patch_22_sub_patch_8_scene2_bz.bmp,1,1
Simulated/Multispectral/pogan/B2/1_Atlanta_nadir16_img_224_140_cl.bmp,Real/Multispectral/blur/B2/2_BAND2patch_72_sub_patch_2_scene3_bl.bmp,0,1
Real/Multispectral/misc/B2/1_BAND2patch_6_sub_patch_6_scene3_bz_bl.bmp,Real/Multispectral/clean/B2/0_Vegas_img_3066_2298cl_b1_check.bmp,1,1
Simulated/Multispectral/blur/B2/3_Shanghai_img_5018_4467_cl.bmp,Real/Multispectral/haze/B2/2_BAND2patch_54_sub_patch_1_scene3_hz.bmp,0,1
Real/Multispectral/noise/B2/2_BAND2patch_3_sub_patch_11_ns_msc_pattern.bmp,Real/Multispectral/noise/B2/3_BAND2patch_20_sub_patch_4_scene2_ns.bmp,0,0
Real/Multispectral/noise/B2/3_BAND2patch_48_sub_patch_2_ns.bmp,Simulated/Multispectral/pogan/B2/1_BAND2patch_37_sub_patch_15.bmp,1,1
Real/Multispectral/blur/B2/3_BAND2patch_37_sub_patch_7_bz_.bmp,Real/Multispectral/blur/B2/2_BAND2patch_71_sub_patch_2_scene2_bl.bmp,1,1
Simulated/Multispectral/blur/B2/3_Atlanta_nadir8_img_168_77_cl.bmp,Simulated/Multispectral/stripes/B2/2_Atlanta_nadir39_img_321_248_cl.bmp,1,1
Simulated/Multispectral/impulse/B2/1_Atlanta_nadir8_img_156_64_cl.bmp,Simulated/Multispectral/blur/B2/3_Atlanta_nadir8_img_168_77_cl.bmp,0,0
Real/Multispectral/blur/B2/2_BAND2patch_78_sub_patch_0_bz_.bmp,Simulated/Multispectral/blur/B2/2_BAND2patch_21_sub_patch_4.bmp,0,0
Simulated/Multispectral/blur/B2/2_BAND2patch_21_sub_patch_4.bmp,Simulated/Multispectral/haze/B2/3_Atlanta_nadir30_img_463_405_cl.bmp,1,1
Real/Multispectral/misc/B2/3_BAND2patch_30_sub_patch_8_scene2_msc.bmp,Real/Multispectral/misc/B2/1_BAND2patch_38_sub_patch_12_msc_bz_check_.bmp,1,1
Real/Multispectral/noise/B2/3_BAND2patch_19_sub_patch_11_scene2_ns.bmp,Simulated/Multispectral/blur/B2/3_Atlanta_nadir8_img_168_77_cl.bmp,0,0
Real/Multispectral/noise/B2/2_BAND2patch_3_sub_patch_11_ns_msc_pattern.bmp,Real/Multispectral/misc/B2/3_BAND2patch_30_sub_patch_1_scene2_msc.bmp,1,1
Real/Multispectral/noise/B2/3_BAND2patch_48_sub_patch_2_ns.bmp,Real/Multispectral/stripes/B2/3_BAND2patch_51_sub_patch_2_scene3_st_ns.bmp,0,0
Simulated/Multispectral/impulse/B2/1_BAND2patch_16_sub_patch_15_scene3_cl.bmp,Simulated/Multispectral/stripes/B2/3_Atlanta_nadir8_img_38_312_cl.bmp,0,0
Simulated/Multispectral/blur/B2/3_Atlanta_nadir8_img_168_77_cl.bmp,Real/Multispectral/blur/B2/2_BAND2patch_29_sub_patch_10_bl_.bmp,1,1
Real/Multispectral/misc/B2/1_BAND2patch_38_sub_patch_12_msc_bz_check_.bmp,Real/Multispectral/clean/B2/0_Atlanta_nadir8_img_453_394_cl.bmp,0,0
Real/Multispectral/misc/B2/1_BAND2patch_54_sub_patch_13_scene3_bz.bmp,Real/Multispectral/misc/B2/3_BAND2patch_6_sub_patch_0_scene2_msc.bmp,0,0
Real/Multispectral/misc/B2/3_BAND2patch_6_sub_patch_0_scene2_msc.bmp,Real/Multispectral/misc/B2/1_BAND2patch_31_sub_patch_15_scene3_msc_lines.bmp,1,1
Real/Multispectral/noise/B2/3_BAND2patch_19_sub_patch_11_scene2_ns.bmp,Simulated/Multispectral/pogan/B2/2_Atlanta_nadir39_img_267_187_cl.bmp,1,1
Simulated/Multispectral/pogan/B2/3_Atlanta_nadir8_img_423_361_cl.bmp,Real/Multispectral/stripes/B2/1_BAND2patch_22_sub_patch_15_scene2_st.bmp,1,1
Simulated/Multispectral/blur/B2/3_Atlanta_nadir8_img_168_77_cl.bmp,Real/Multispectral/blur/B2/1_BAND2patch_35_sub_patch_8_scene2_bl.bmp,1,1
Simulated/Multispectral/pogan/B2/2_Shanghai_img_2169_1301_cl.bmp,Simulated/Multispectral/haze/B2/2_Atlanta_nadir16_img_232_149_cl.bmp,1,1
Simulated/Multispectral/blur/B2/2_Atlanta_nadir10_img_317_243_cl.bmp,Real/Multispectral/misc/B2/3_BAND2patch_30_sub_patch_1_scene2_msc.bmp,0,0
Real/Multispectral/noise/B2/2_BAND2patch_17_sub_patch_10_scene2_ns.bmp,Simulated/Multispectral/impulse/B2/1_Vegas_img_1580_647cl_b1_check.bmp,0,0
Simulated/Multispectral/blur/B2/3_Shanghai_img_5018_4467_cl.bmp,Simulated/Multispectral/stripes/B2/2_BAND2patch_12_sub_patch_10.bmp,1,1
Real/Multispectral/noise/B2/1_BAND2patch_77_sub_patch_2_ns.bmp,Real/Multispectral/noise/B2/1_BAND2patch_27_sub_patch_2_scene3_ns.bmp,1,1
Real/Multispectral/misc/B2/2_BAND2patch_6_sub_patch_13_scene2_bz.bmp,Real/Multispectral/misc/B2/3_BAND2patch_30_sub_patch_1_scene2_msc.bmp,1,1
Real/Multispectral/blur/B2/1_BAND2patch_45_sub_patch_5_scene3_bl.bmp,Simulated/Multispectral/stripes/B2/2_BAND2patch_58_sub_patch_15.bmp,0,0
Simulated/Multispectral/stripes/B2/3_BAND2patch_17_sub_patch_11_scene2.bmp,Real/Multispectral/clean/B2/0_Atlanta_nadir16_img_612_571_cl.bmp,1,1
Real/Multispectral/stripes/B2/2_BAND2patch_42_sub_patch_6_scene3_st.bmp,Real/Multispectral/misc/B2/2_BAND2patch_19_sub_patch_5_scene2_msc.bmp,0,0
Real/Multispectral/blur/B2/2_BAND2patch_71_sub_patch_2_scene2_bl.bmp,Simulated/Multispectral/haze/B2/2_Vegas_img_4635_4041cl.bmp,1,1
Simulated/Multispectral/blur/B2/3_Atlanta_nadir8_img_168_77_cl.bmp,Real/Multispectral/haze/B2/1_BAND2patch_13_sub_patch_2_bz_ns_check__.bmp,0,1
Real/Multispectral/noise/B2/2_BAND2patch_15_sub_patch_2_scene3_ns.bmp,Real/Multispectral/noise/B2/3_BAND2patch_39_sub_patch_15_ns.bmp,0,0
Simulated/Multispectral/haze/B2/3_BAND2patch_18_sub_patch_8_scene3_cl.bmp,Real/Multispectral/haze/B2/3_BAND2patch_13_sub_patch_5_scene3_hz.bmp,0,0
Real/Multispectral/misc/B2/3_BAND2patch_30_sub_patch_1_scene2_msc.bmp,Real/Multispectral/misc/B2/1_BAND2patch_54_sub_patch_13_scene3_bz.bmp,1,1
Real/Multispectral/haze/B2/1_BAND2patch_21_sub_patch_7_cl_.bmp,Simulated/Multispectral/haze/B2/3_Shanghai_img_1972_1082_cl.bmp,1,1
Simulated/Multispectral/haze/B2/1_Atlanta_nadir8_img_209_123_cl.bmp,Real/Multispectral/haze/B2/3_BAND2patch_13_sub_patch_5_scene3_hz.bmp,0,0
Real/Multispectral/misc/B2/1_BAND2patch_31_sub_patch_15_scene3_msc_lines.bmp,Real/Multispectral/clean/B2/0_Atlanta_nadir8_img_453_394_cl.bmp,0,1
Real/Multispectral/blur/B2/3_BAND2patch_34_sub_patch_15_ns_bl_check_.bmp,Real/Multispectral/blur/B2/1_BAND2patch_38_sub_patch_5_bz_msc_.bmp,0,1
Real/Multispectral/stripes/B2/1_BAND2patch_52_sub_patch_0_scene3_st_cl.bmp,Real/Multispectral/clean/B2/0_Atlanta_nadir8_img_453_394_cl.bmp,0,0
Real/Multispectral/misc/B2/1_BAND2patch_38_sub_patch_12_msc_bz_check_.bmp,Real/Multispectral/misc/B2/3_BAND2patch_11_sub_patch_2_bz_.bmp,0,0
Real/Multispectral/haze/B2/1_BAND2patch_4_sub_patch_6_cl_.bmp,Simulated/Multispectral/haze/B2/3_Atlanta_nadir30_img_463_405_cl.bmp,1,1
Simulated/Multispectral/blur/B2/1_Shanghai_img_1154_174_cl.bmp,Real/Multispectral/misc/B2/3_BAND2patch_30_sub_patch_3_scene3_bz.bmp,0,0
Real/Multispectral/haze/B2/2_BAND2patch_54_sub_patch_1_scene3_hz.bmp,Simulated/Multispectral/haze/B2/2_BAND2patch_30_sub_patch_10_scene2.bmp,1,1
Real/Multispectral/haze/B2/1_BAND2patch_4_sub_patch_6_cl_.bmp,Simulated/Multispectral/haze/B2/2_Vegas_img_4635_4041cl.bmp,1,1
Simulated/Multispectral/stripes/B2/3_Atlanta_nadir10_img_101_4_cl.bmp,Simulated/Multispectral/haze/B2/2_BAND2patch_30_sub_patch_10_scene2.bmp,1,1
Simulated/Multispectral/pogan/B2/2_Atlanta_nadir39_img_267_187_cl.bmp,Real/Multispectral/blur/B2/3_BAND2patch_20_sub_patch_15_bl_.bmp,1,1
Real/Multispectral/haze/B2/1_BAND2patch_4_sub_patch_6_cl_.bmp,Real/Multispectral/haze/B2/1_BAND2patch_21_sub_patch_7_cl_.bmp,1,1
Real/Multispectral/blur/B2/2_BAND2patch_72_sub_patch_2_scene3_bl.bmp,Real/Multispectral/blur/B2/2_BAND2patch_71_sub_patch_2_scene2_bl.bmp,0,1
Simulated/Multispectral/impulse/B2/3_BAND2patch_49_sub_patch_11_scene2.bmp,Real/Multispectral/noise/B2/3_BAND2patch_48_sub_patch_2_ns.bmp,0,0
Real/Multispectral/noise/B2/3_BAND2patch_19_sub_patch_11_scene2_ns.bmp,Real/Multispectral/misc/B2/2_BAND2patch_32_sub_patch_14_msc_lines_ns_.bmp,1,1
Real/Multispectral/stripes/B2/1_BAND2patch_28_sub_patch_1_scene2_st.bmp,Real/Multispectral/misc/B2/2_BAND2patch_57_sub_patch_12_scene2_bz.bmp,1,1
Simulated/Multispectral/impulse/B2/3_Atlanta_nadir16_img_281_203_cl.bmp,Simulated/Multispectral/haze/B2/1_Shanghai_img_4403_3784_cl_b1check.bmp,1,1
Simulated/Multispectral/impulse/B2/2_BAND2patch_26_sub_patch_4_scene3_cl.bmp,Real/Multispectral/misc/B2/2_BAND2patch_32_sub_patch_14_msc_lines_ns_.bmp,0,0
