image1,image2,labels_5,labels_7
Real/Multispectral/blur/B3/3_BAND3patch_23_sub_patch_9_bl_ns__scene1.bmp,Simulated/Multispectral/blur/B3/2_Atlanta_nadir16_img_291_214_cl.bmp,1,1
Simulated/Multispectral/haze/B3/1_BAND3patch_71_sub_patch_0_scene3_cl.bmp,Real/Multispectral/clean/B3/0_Shanghai_img_3003_2229_cl_check.bmp,1,1
Real/Multispectral/noise/B3/3_BAND3patch_62_sub_patch_7_bl_ns_scene1.bmp,Simulated/Multispectral/impulse/B3/1_Atlanta_nadir30_img_207_121_cl.bmp,1,1
Real/Multispectral/haze/B3/2_BAND3patch_54_sub_patch_1_scene3_hz.bmp,Real/Multispectral/clean/B3/0_Atlanta_nadir16_img_449_389_cl.bmp,1,1
Simulated/Multispectral/pogan/B3/1_BAND3patch_46_sub_patch_14_scene1.bmp,Simulated/Multispectral/blur/B3/2_Atlanta_nadir8_img_277_198_cl.bmp,0,0
Real/Multispectral/haze/B3/3_BAND3patch_51_sub_patch_7_ns_msc_lines_ni_hz__scene1.bmp,Real/Multispectral/haze/B3/2_BAND3patch_52_sub_patch_5_bz___scene1.bmp,0,0
Real/Multispectral/misc/B3/3_BAND3patch_28_sub_patch_7_msc_lines__scene1.bmp,Real/Multispectral/clean/B3/0_Atlanta_nadir16_img_449_389_cl.bmp,1,1
Real/Multispectral/noise/B3/2_BAND3patch_22_sub_patch_8_scene3_ns.bmp,Simulated/Multispectral/impulse/B3/1_BAND3patch_50_sub_patch_7_scene1.bmp,0,0
Simulated/Multispectral/stripes/B3/2_Shanghai_img_2516_1687_cl.bmp,Simulated/Multispectral/haze/B3/2_Shanghai_img_1012_17_cl.bmp,1,1
Real/Multispectral/haze/B3/3_BAND3patch_52_sub_patch_5_bz__scene1.bmp,Real/Multispectral/misc/B3/2_BAND3patch_25_sub_patch_2_sa_bl__scene1.bmp,0,0
Real/Multispectral/noise/B3/3_BAND3patch_14_sub_patch_13_ns_scene1.bmp,Simulated/Multispectral/pogan/B3/2_Atlanta_nadir8_img_470_413_cl.bmp,1,1
Real/Multispectral/haze/B3/3_BAND3patch_52_sub_patch_5_bz__scene1.bmp,Real/Multispectral/haze/B3/3_BAND3patch_23_sub_patch_1_bz_ns_bl__scene1.bmp,0,0
Real/Multispectral/noise/B3/1_BAND3patch_40_sub_patch_5_ns_sa_scene1.bmp,Simulated/Multispectral/pogan/B3/1_Atlanta_nadir10_img_403_339_cl.bmp,1,0
Simulated/Multispectral/impulse/B3/2_Shanghai_img_5614_5129_cl.bmp,Real/Multispectral/haze/B3/1_BAND3patch_22_sub_patch_10_cl__scene1.bmp,1,1
Simulated/Multispectral/impulse/B3/2_BAND3patch_31_sub_patch_8_scene1.bmp,Real/Multispectral/noise/B3/3_BAND3patch_14_sub_patch_13_ns_scene1.bmp,0,0
Simulated/Multispectral/impulse/B3/1_Atlanta_nadir30_img_207_121_cl.bmp,Real/Multispectral/noise/B3/2_BAND3patch_22_sub_patch_8_scene3_ns.bmp,0,1
Simulated/Multispectral/stripes/B3/1_Atlanta_nadir16_img_284_206_cl.bmp,Real/Multispectral/haze/B3/1_BAND3patch_39_sub_patch_3_cl__scene1.bmp,0,0
Real/Multispectral/haze/B3/1_BAND3patch_22_sub_patch_4_cl__scene1.bmp,Real/Multispectral/haze/B3/2_BAND3patch_54_sub_patch_1_scene3_hz.bmp,0,0
Real/Multispectral/noise/B3/1_BAND3patch_40_sub_patch_5_ns_sa_scene1.bmp,Real/Multispectral/misc/B3/2_BAND3patch_20_sub_patch_3_sa_ns__scene1.bmp,1,1
Real/Multispectral/haze/B3/2_BAND3patch_12_sub_patch_11_msc_line_ns_np_hz__scene1.bmp,Real/Multispectral/haze/B3/1_BAND3patch_39_sub_patch_3_cl__scene1.bmp,1,1
Real/Multispectral/blur/B3/1_BAND3patch_11_sub_patch_10_msc_bl__scene1.bmp,Real/Multispectral/blur/B3/3_BAND3patch_32_sub_patch_8_bl__scene1.bmp,0,0
Real/Multispectral/blur/B3/1_BAND3patch_11_sub_patch_10_msc_bl__scene1.bmp,Real/Multispectral/misc/B3/2_BAND3patch_37_sub_patch_7_bz__scene1.bmp,0,0
Real/Multispectral/blur/B3/2_BAND3patch_34_sub_patch_12_ns_bl__scene1.bmp,Real/Multispectral/haze/B3/2_BAND3patch_54_sub_patch_1_scene3_hz.bmp,0,0
Real/Multispectral/blur/B3/3_BAND3patch_32_sub_patch_12_bl_ns__scene1.bmp,Real/Multispectral/misc/B3/2_BAND3patch_37_sub_patch_7_bz__scene1.bmp,1,1
Simulated/Multispectral/haze/B3/2_Atlanta_nadir44_img_234_151_cl.bmp,Real/Multispectral/haze/B3/3_BAND3patch_23_sub_patch_1_bz_ns_bl__scene1.bmp,0,0
Simulated/Multispectral/impulse/B3/2_Shanghai_img_5614_5129_cl.bmp,Real/Multispectral/stripes/B3/2_BAND3patch_51_sub_patch_7_scene3_st.bmp,1,1
Real/Multispectral/noise/B3/1_BAND3patch_71_sub_patch_2_ns_scene1.bmp,Real/Multispectral/haze/B3/2_BAND3patch_52_sub_patch_12_bl__scene1.bmp,0,0
Simulated/Multispectral/blur/B3/2_Atlanta_nadir8_img_277_198_cl.bmp,Simulated/Multispectral/haze/B3/1_Atlanta_nadir10_img_689_655_cl.bmp,1,1
Simulated/Multispectral/stripes/B3/1_BAND3patch_8_sub_patch_13_scene3_cl.bmp,Real/Multispectral/misc/B3/2_BAND3patch_25_sub_patch_2_sa_bl__scene1.bmp,0,1
Simulated/Multispectral/impulse/B3/3_Shanghai_img_1976_1086_cl_b1_check.bmp,Real/Multispectral/noise/B3/1_BAND3patch_67_sub_patch_8_ns_scene1.bmp,0,0
Simulated/Multispectral/impulse/B3/2_Atlanta_nadir39_img_361_292_cl.bmp,Simulated/Multispectral/blur/B3/3_BAND3patch_68_sub_patch_13_scene1.bmp,0,0
Simulated/Multispectral/impulse/B3/3_Shanghai_img_4472_3860_cl.bmp,Real/Multispectral/haze/B3/2_BAND3patch_40_sub_patch_0_cl__scene1.bmp,1,1
Simulated/Multispectral/haze/B3/3_BAND3patch_24_sub_patch_11_scene3_cl.bmp,Real/Multispectral/haze/B3/3_BAND3patch_24_sub_patch_12_bl_ns_msc_lines__scene1.bmp,0,0
Simulated/Multispectral/blur/B3/2_Atlanta_nadir39_img_2_112_cl.bmp,Simulated/Multispectral/stripes/B3/1_BAND3patch_47_sub_patch_2_scene1.bmp,1,1
Simulated/Multispectral/pogan/B3/2_Atlanta_nadir8_img_470_413_cl.bmp,Real/Multispectral/haze/B3/3_BAND3patch_41_sub_patch_10_ns_ni_hz__scene1.bmp,0,0
Simulated/Multispectral/pogan/B3/2_BAND3patch_24_sub_patch_0_scene3_cl.bmp,Real/Multispectral/haze/B3/3_BAND3patch_51_sub_patch_7_ns_msc_lines_ni_hz__scene1.bmp,1,1
Real/Multispectral/haze/B3/1_BAND3patch_22_sub_patch_10_cl__scene1.bmp,Real/Multispectral/misc/B3/3_BAND3patch_21_sub_patch_1_scene3_bz.bmp,0,0
Simulated/Multispectral/blur/B3/2_Atlanta_nadir8_img_277_198_cl.bmp,Real/Multispectral/blur/B3/3_BAND3patch_23_sub_patch_9_bl_ns__scene1.bmp,0,0
Simulated/Multispectral/pogan/B3/3_BAND3patch_13_sub_patch_13_scene1.bmp,Real/Multispectral/misc/B3/1_BAND3patch_22_sub_patch_0_msc_lines__scene1.bmp,1,1
Real/Multispectral/blur/B3/1_BAND3patch_31_sub_patch_15_rg_msc__scene1.bmp,Real/Multispectral/blur/B3/3_BAND3patch_23_sub_patch_9_bl_ns__scene1.bmp,0,0
Simulated/Multispectral/blur/B3/3_Atlanta_nadir8_img_177_87_cl.bmp,Real/Multispectral/blur/B3/2_BAND3patch_34_sub_patch_12_ns_bl__scene1.bmp,1,1
Simulated/Multispectral/blur/B3/2_Atlanta_nadir16_img_291_214_cl.bmp,Simulated/Multispectral/stripes/B3/3_BAND3patch_55_sub_patch_7_scene1.bmp,0,0
Real/Multispectral/haze/B3/2_BAND3patch_23_sub_patch_14_ns_bl__scene1.bmp,Simulated/Multispectral/haze/B3/2_Shanghai_img_4869_4300_cl.bmp,1,1
Real/Multispectral/blur/B3/1_BAND3patch_11_sub_patch_10_msc_bl__scene1.bmp,Real/Multispectral/haze/B3/3_BAND3patch_51_sub_patch_7_ns_msc_lines_ni_hz__scene1.bmp,0,0
Simulated/Multispectral/pogan/B3/1_Shanghai_img_4602_4005_cl_b1.bmp,Real/Multispectral/misc/B3/2_BAND3patch_37_sub_patch_7_bz__scene1.bmp,0,0
Simulated/Multispectral/haze/B3/1_BAND3patch_71_sub_patch_0_scene3_cl.bmp,Real/Multispectral/clean/B3/0_Atlanta_nadir30_img_237_154_cl.bmp,1,1
Real/Multispectral/haze/B3/1_BAND3patch_39_sub_patch_3_cl__scene1.bmp,Real/Multispectral/haze/B3/2_BAND3patch_40_sub_patch_0_cl__scene1.bmp,0,0
Real/Multispectral/haze/B3/3_BAND3patch_23_sub_patch_4_ns_hz__scene1.bmp,Simulated/Multispectral/haze/B3/3_Atlanta_nadir8_img_402_338_cl.bmp,1,1
Simulated/Multispectral/blur/B3/2_BAND3patch_9_sub_patch_1_scene3_cl.bmp,Real/Multispectral/misc/B3/3_BAND3patch_75_sub_patch_0_ns_sa_bl__scene1.bmp,0,0
Simulated/Multispectral/impulse/B3/3_BAND3patch_26_sub_patch_3_scene3_cl.bmp,Real/Multispectral/blur/B3/1_BAND3patch_25_sub_patch_8_scene3_bl.bmp,1,1
Simulated/Multispectral/stripes/B3/1_Atlanta_nadir16_img_284_206_cl.bmp,Real/Multispectral/misc/B3/2_BAND3patch_67_sub_patch_6_sa_nsc__scene1.bmp,0,0
Real/Multispectral/noise/B3/2_BAND3patch_78_sub_patch_11_ns_msc_lines_scene1.bmp,Real/Multispectral/misc/B3/3_BAND3patch_21_sub_patch_1_scene3_bz.bmp,0,0
Real/Multispectral/blur/B3/2_BAND3patch_40_sub_patch_3_bl__scene1.bmp,Real/Multispectral/haze/B3/1_BAND3patch_22_sub_patch_4_cl__scene1.bmp,1,1
Real/Multispectral/haze/B3/2_BAND3patch_54_sub_patch_1_scene3_hz.bmp,Real/Multispectral/clean/B3/0_Atlanta_nadir8_img_323_250_cl.bmp,1,1
Simulated/Multispectral/pogan/B3/1_Atlanta_nadir8_img_627_587_cl.bmp,Real/Multispectral/clean/B3/0_Shanghai_img_6495_6107_cl.bmp,0,0
Real/Multispectral/stripes/B3/2_BAND3patch_51_sub_patch_7_scene3_st.bmp,Real/Multispectral/misc/B3/2_BAND3patch_67_sub_patch_13_s_sa__scene1.bmp,1,1
Real/Multispectral/noise/B3/1_BAND3patch_24_sub_patch_2_ns_scene1.bmp,Real/Multispectral/clean/B3/0_Shanghai_img_1006_10_cl_b1_check.bmp,1,1
Real/Multispectral/blur/B3/2_BAND3patch_41_sub_patch_0_bl__scene1.bmp,Real/Multispectral/blur/B3/1_BAND3patch_31_sub_patch_3_rg__scene1.bmp,1,1
Simulated/Multispectral/impulse/B3/2_Shanghai_img_5614_5129_cl.bmp,Real/Multispectral/blur/B3/3_BAND3patch_32_sub_patch_12_bl_ns__scene1.bmp,1,1
Real/Multispectral/blur/B3/1_BAND3patch_31_sub_patch_15_rg_msc__scene1.bmp,Real/Multispectral/misc/B3/2_BAND3patch_20_sub_patch_4_msc_lines__scene1.bmp,0,0
Simulated/Multispectral/haze/B3/3_Atlanta_nadir8_img_402_338_cl.bmp,Real/Multispectral/haze/B3/3_BAND3patch_54_sub_patch_2_scene3_hz.bmp,0,0
Real/Multispectral/blur/B3/2_BAND3patch_69_sub_patch_10_ns_bl__scene1.bmp,Real/Multispectral/clean/B3/0_Atlanta_nadir8_img_323_250_cl.bmp,1,1
Simulated/Multispectral/pogan/B3/1_Atlanta_nadir10_img_403_339_cl.bmp,Real/Multispectral/clean/B3/0_Atlanta_nadir16_img_449_389_cl.bmp,1,1
Real/Multispectral/noise/B3/2_BAND3patch_22_sub_patch_8_scene3_ns.bmp,Real/Multispectral/haze/B3/1_BAND3patch_39_sub_patch_3_cl__scene1.bmp,1,1
Real/Multispectral/blur/B3/2_BAND3patch_69_sub_patch_10_ns_bl__scene1.bmp,Simulated/Multispectral/blur/B3/1_Atlanta_nadir39_img_261_181_cl.bmp,1,1
Real/Multispectral/blur/B3/3_BAND3patch_32_sub_patch_12_bl_ns__scene1.bmp,Real/Multispectral/clean/B3/0_Shanghai_img_1006_10_cl_b1_check.bmp,1,1
Simulated/Multispectral/pogan/B3/2_Atlanta_nadir16_img_539_489_cl_b1_check.bmp,Simulated/Multispectral/blur/B3/3_Atlanta_nadir8_img_177_87_cl.bmp,1,0
Simulated/Multispectral/impulse/B3/2_Atlanta_nadir39_img_361_292_cl.bmp,Real/Multispectral/misc/B3/3_BAND3patch_5_sub_patch_1_scene3_bz.bmp,1,1
Real/Multispectral/blur/B3/2_BAND3patch_69_sub_patch_10_ns_bl__scene1.bmp,Real/Multispectral/misc/B3/2_BAND3patch_57_sub_patch_6_sa_ns__scene1.bmp,0,0
Real/Multispectral/blur/B3/3_BAND3patch_32_sub_patch_12_bl_ns__scene1.bmp,Real/Multispectral/clean/B3/0_Atlanta_nadir10_img_526_475_cl.bmp,1,1
Real/Multispectral/misc/B3/1_BAND3patch_22_sub_patch_0_msc_lines__scene1.bmp,Real/Multispectral/misc/B3/3_BAND3patch_21_sub_patch_1_scene3_bz.bmp,0,0
Simulated/Multispectral/pogan/B3/1_Atlanta_nadir8_img_627_587_cl.bmp,Real/Multispectral/noise/B3/1_BAND3patch_67_sub_patch_8_ns_scene1.bmp,0,0
Real/Multispectral/noise/B3/2_BAND3patch_22_sub_patch_8_scene3_ns.bmp,Simulated/Multispectral/impulse/B3/3_Shanghai_img_4472_3860_cl.bmp,0,0
Real/Multispectral/noise/B3/3_BAND3patch_14_sub_patch_13_ns_scene1.bmp,Simulated/Multispectral/stripes/B3/2_Shanghai_img_2516_1687_cl.bmp,1,0
Simulated/Multispectral/impulse/B3/3_Shanghai_img_1976_1086_cl_b1_check.bmp,Simulated/Multispectral/blur/B3/2_BAND3patch_71_sub_patch_8_scene3_cl.bmp,0,0
Real/Multispectral/noise/B3/1_BAND3patch_40_sub_patch_5_ns_sa_scene1.bmp,Real/Multispectral/clean/B3/0_Shanghai_img_1006_10_cl_b1_check.bmp,1,1
Real/Multispectral/noise/B3/2_BAND3patch_78_sub_patch_11_ns_msc_lines_scene1.bmp,Simulated/Multispectral/impulse/B3/2_Atlanta_nadir39_img_361_292_cl.bmp,1,1
Real/Multispectral/noise/B3/1_BAND3patch_71_sub_patch_2_ns_scene1.bmp,Real/Multispectral/clean/B3/0_Atlanta_nadir10_img_526_475_cl.bmp,1,1
Simulated/Multispectral/impulse/B3/1_BAND3patch_50_sub_patch_7_scene1.bmp,Real/Multispectral/blur/B3/1_BAND3patch_11_sub_patch_10_msc_bl__scene1.bmp,1,1
Real/Multispectral/haze/B3/3_BAND3patch_24_sub_patch_12_bl_ns_msc_lines__scene1.bmp,Real/Multispectral/haze/B3/2_BAND3patch_23_sub_patch_14_ns_bl__scene1.bmp,1,1
Simulated/Multispectral/stripes/B3/3_Shanghai_img_5823_5361_cl_check.bmp,Real/Multispectral/misc/B3/1_BAND3patch_63_sub_patch_3_bz__scene1.bmp,1,1
Real/Multispectral/haze/B3/2_BAND3patch_54_sub_patch_1_scene3_hz.bmp,Simulated/Multispectral/haze/B3/2_Atlanta_nadir44_img_234_151_cl.bmp,1,1
Real/Multispectral/blur/B3/2_BAND3patch_69_sub_patch_10_ns_bl__scene1.bmp,Simulated/Multispectral/stripes/B3/3_BAND3patch_55_sub_patch_7_scene1.bmp,0,0
Simulated/Multispectral/pogan/B3/2_BAND3patch_28_sub_patch_15_scene3_cl.bmp,Real/Multispectral/blur/B3/2_BAND3patch_41_sub_patch_0_bl__scene1.bmp,1,1
Simulated/Multispectral/impulse/B3/2_Atlanta_nadir39_img_361_292_cl.bmp,Real/Multispectral/noise/B3/3_BAND3patch_62_sub_patch_7_bl_ns_scene1.bmp,0,0
Real/Multispectral/haze/B3/3_BAND3patch_23_sub_patch_1_bz_ns_bl__scene1.bmp,Real/Multispectral/haze/B3/2_BAND3patch_52_sub_patch_5_bz___scene1.bmp,1,1
Simulated/Multispectral/blur/B3/1_Atlanta_nadir16_img_163_72_cl.bmp,Real/Multispectral/misc/B3/3_BAND3patch_5_sub_patch_1_scene3_bz.bmp,1,1
Simulated/Multispectral/stripes/B3/1_BAND3patch_8_sub_patch_13_scene3_cl.bmp,Real/Multispectral/misc/B3/1_BAND3patch_34_sub_patch_15_bz_ns__scene1.bmp,1,1
Real/Multispectral/blur/B3/1_BAND3patch_25_sub_patch_8_scene3_bl.bmp,Real/Multispectral/haze/B3/3_BAND3patch_51_sub_patch_7_ns_msc_lines_ni_hz__scene1.bmp,1,1
Real/Multispectral/haze/B3/2_BAND3patch_32_sub_patch_1_bl_ns__scene1.bmp,Real/Multispectral/clean/B3/0_Shanghai_img_6495_6107_cl.bmp,0,0
Simulated/Multispectral/stripes/B3/3_BAND3patch_22_sub_patch_2_scene3_cl.bmp,Simulated/Multispectral/haze/B3/3_Atlanta_nadir8_img_402_338_cl.bmp,1,1
Real/Multispectral/misc/B3/2_BAND3patch_37_sub_patch_7_bz__scene1.bmp,Real/Multispectral/misc/B3/3_BAND3patch_21_sub_patch_1_scene3_bz.bmp,0,0
Simulated/Multispectral/pogan/B3/1_BAND3patch_46_sub_patch_14_scene1.bmp,Simulated/Multispectral/blur/B3/2_BAND3patch_71_sub_patch_8_scene3_cl.bmp,0,0
Real/Multispectral/haze/B3/1_BAND3patch_39_sub_patch_3_cl__scene1.bmp,Real/Multispectral/misc/B3/3_BAND3patch_75_sub_patch_0_ns_sa_bl__scene1.bmp,0,0
Real/Multispectral/haze/B3/3_BAND3patch_24_sub_patch_12_bl_ns_msc_lines__scene1.bmp,Real/Multispectral/haze/B3/3_BAND3patch_23_sub_patch_1_bz_ns_bl__scene1.bmp,0,0
Real/Multispectral/noise/B3/3_BAND3patch_14_sub_patch_13_ns_scene1.bmp,Real/Multispectral/noise/B3/1_BAND3patch_67_sub_patch_8_ns_scene1.bmp,1,1
Simulated/Multispectral/haze/B3/2_BAND3patch_42_sub_patch_7_scene3_cl.bmp,Real/Multispectral/haze/B3/3_BAND3patch_52_sub_patch_5_bz__scene1.bmp,0,0
Real/Multispectral/haze/B3/2_BAND3patch_35_sub_patch_8_ns_ni_hz__scene1.bmp,Real/Multispectral/clean/B3/0_Atlanta_nadir16_img_449_389_cl.bmp,1,1
Simulated/Multispectral/stripes/B3/3_Atlanta_nadir10_img_39_323_cl.bmp,Real/Multispectral/haze/B3/2_BAND3patch_35_sub_patch_8_ns_ni_hz__scene1.bmp,0,0
Simulated/Multispectral/haze/B3/2_Atlanta_nadir44_img_234_151_cl.bmp,Real/Multispectral/haze/B3/3_BAND3patch_41_sub_patch_10_ns_ni_hz__scene1.bmp,0,0
Real/Multispectral/haze/B3/2_BAND3patch_35_sub_patch_8_ns_ni_hz__scene1.bmp,Real/Multispectral/clean/B3/0_Atlanta_nadir30_img_106_9_cl.bmp,1,1
Simulated/Multispectral/blur/B3/3_BAND3patch_68_sub_patch_13_scene1.bmp,Real/Multispectral/misc/B3/1_BAND3patch_11_sub_patch_4_bl_ns_sa__scene1.bmp,1,1
Real/Multispectral/stripes/B3/3_BAND3patch_51_sub_patch_3_scene3_st.bmp,Simulated/Multispectral/haze/B3/2_Shanghai_img_1012_17_cl.bmp,1,1
Simulated/Multispectral/impulse/B3/3_Shanghai_img_1976_1086_cl_b1_check.bmp,Real/Multispectral/misc/B3/1_BAND3patch_34_sub_patch_15_bz_ns__scene1.bmp,0,0
Real/Multispectral/misc/B3/2_BAND3patch_67_sub_patch_13_s_sa__scene1.bmp,Real/Multispectral/clean/B3/0_Atlanta_nadir16_img_449_389_cl.bmp,1,1
Real/Multispectral/blur/B3/3_BAND3patch_40_sub_patch_15_bl__scene1.bmp,Real/Multispectral/blur/B3/3_BAND3patch_32_sub_patch_8_bl__scene1.bmp,0,0
Simulated/Multispectral/haze/B3/3_BAND3patch_24_sub_patch_11_scene3_cl.bmp,Real/Multispectral/misc/B3/1_BAND3patch_16_sub_patch_3_msc_lines_ns__scene1.bmp,0,0
Real/Multispectral/haze/B3/2_BAND3patch_52_sub_patch_12_bl__scene1.bmp,Real/Multispectral/misc/B3/1_BAND3patch_63_sub_patch_3_bz__scene1.bmp,0,0
Real/Multispectral/haze/B3/3_BAND3patch_54_sub_patch_2_scene3_hz.bmp,Simulated/Multispectral/haze/B3/2_Atlanta_nadir44_img_234_151_cl.bmp,1,1
Simulated/Multispectral/blur/B3/3_Atlanta_nadir8_img_85_733_cl.bmp,Simulated/Multispectral/stripes/B3/3_Atlanta_nadir10_img_39_323_cl.bmp,1,1
Real/Multispectral/noise/B3/3_BAND3patch_14_sub_patch_13_ns_scene1.bmp,Simulated/Multispectral/impulse/B3/2_BAND3patch_31_sub_patch_8_scene1.bmp,1,1
Real/Multispectral/misc/B3/3_BAND3patch_5_sub_patch_1_scene3_bz.bmp,Real/Multispectral/misc/B3/2_BAND3patch_20_sub_patch_4_msc_lines__scene1.bmp,0,0
Simulated/Multispectral/blur/B3/2_Atlanta_nadir16_img_291_214_cl.bmp,Simulated/Multispectral/stripes/B3/1_Atlanta_nadir10_img_118_22_cl.bmp,1,1
Simulated/Multispectral/impulse/B3/2_Atlanta_nadir39_img_361_292_cl.bmp,Simulated/Multispectral/stripes/B3/3_BAND3patch_22_sub_patch_2_scene3_cl.bmp,0,0
Real/Multispectral/blur/B3/1_BAND3patch_11_sub_patch_10_msc_bl__scene1.bmp,Real/Multispectral/misc/B3/2_BAND3patch_12_sub_patch_12_bz__scene1.bmp,0,0
Real/Multispectral/blur/B3/3_BAND3patch_40_sub_patch_15_bl__scene1.bmp,Real/Multispectral/haze/B3/2_BAND3patch_40_sub_patch_0_cl__scene1.bmp,1,1
Simulated/Multispectral/pogan/B3/2_Atlanta_nadir16_img_539_489_cl_b1_check.bmp,Real/Multispectral/noise/B3/1_BAND3patch_24_sub_patch_2_ns_scene1.bmp,0,0
Real/Multispectral/stripes/B3/3_BAND3patch_51_sub_patch_3_scene3_st.bmp,Real/Multispectral/haze/B3/3_BAND3patch_54_sub_patch_2_scene3_hz.bmp,0,0
Real/Multispectral/noise/B3/2_BAND3patch_78_sub_patch_11_ns_msc_lines_scene1.bmp,Real/Multispectral/haze/B3/1_BAND3patch_39_sub_patch_3_cl__scene1.bmp,1,1
Real/Multispectral/blur/B3/2_BAND3patch_40_sub_patch_3_bl__scene1.bmp,Real/Multispectral/haze/B3/2_BAND3patch_52_sub_patch_12_bl__scene1.bmp,1,1
Real/Multispectral/stripes/B3/2_BAND3patch_51_sub_patch_7_scene3_st.bmp,Simulated/Multispectral/haze/B3/3_Atlanta_nadir8_img_402_338_cl.bmp,1,1
Real/Multispectral/noise/B3/2_BAND3patch_22_sub_patch_8_scene3_ns.bmp,Real/Multispectral/noise/B3/1_BAND3patch_71_sub_patch_2_ns_scene1.bmp,1,1
Real/Multispectral/blur/B3/3_BAND3patch_32_sub_patch_12_bl_ns__scene1.bmp,Real/Multispectral/misc/B3/2_BAND3patch_57_sub_patch_6_sa_ns__scene1.bmp,0,0
Real/Multispectral/blur/B3/3_BAND3patch_40_sub_patch_15_bl__scene1.bmp,Simulated/Multispectral/haze/B3/2_Shanghai_img_4869_4300_cl.bmp,1,1
Simulated/Multispectral/pogan/B3/2_Atlanta_nadir16_img_539_489_cl_b1_check.bmp,Real/Multispectral/noise/B3/1_BAND3patch_71_sub_patch_2_ns_scene1.bmp,1,1
Real/Multispectral/blur/B3/1_BAND3patch_31_sub_patch_3_rg__scene1.bmp,Real/Multispectral/clean/B3/0_Atlanta_nadir16_img_449_389_cl.bmp,1,1
Real/Multispectral/noise/B3/1_BAND3patch_71_sub_patch_2_ns_scene1.bmp,Simulated/Multispectral/pogan/B3/2_BAND3patch_28_sub_patch_15_scene3_cl.bmp,0,0
Simulated/Multispectral/blur/B3/1_Shanghai_img_5330_4814_cl.bmp,Real/Multispectral/blur/B3/3_BAND3patch_23_sub_patch_9_bl_ns__scene1.bmp,0,0
Real/Multispectral/noise/B3/3_BAND3patch_14_sub_patch_13_ns_scene1.bmp,Real/Multispectral/stripes/B3/3_BAND3patch_51_sub_patch_3_scene3_st.bmp,1,1
Real/Multispectral/haze/B3/3_BAND3patch_41_sub_patch_10_ns_ni_hz__scene1.bmp,Real/Multispectral/haze/B3/1_BAND3patch_22_sub_patch_10_cl__scene1.bmp,1,1
Real/Multispectral/haze/B3/1_BAND3patch_39_sub_patch_3_cl__scene1.bmp,Real/Multispectral/misc/B3/2_BAND3patch_25_sub_patch_2_sa_bl__scene1.bmp,0,0
Simulated/Multispectral/stripes/B3/3_BAND3patch_22_sub_patch_2_scene3_cl.bmp,Real/Multispectral/haze/B3/3_BAND3patch_41_sub_patch_10_ns_ni_hz__scene1.bmp,0,1
Real/Multispectral/haze/B3/2_BAND3patch_40_sub_patch_3_scene3_hz.bmp,Real/Multispectral/haze/B3/3_BAND3patch_24_sub_patch_12_bl_ns_msc_lines__scene1.bmp,1,1
Real/Multispectral/noise/B3/2_BAND3patch_78_sub_patch_11_ns_msc_lines_scene1.bmp,Simulated/Multispectral/stripes/B3/3_Shanghai_img_5378_4866_cl_b1_b3.bmp,1,0
Simulated/Multispectral/pogan/B3/2_BAND3patch_28_sub_patch_15_scene3_cl.bmp,Real/Multispectral/clean/B3/0_Shanghai_img_3003_2229_cl_check.bmp,1,1
Real/Multispectral/blur/B3/2_BAND3patch_69_sub_patch_10_ns_bl__scene1.bmp,Real/Multispectral/misc/B3/3_BAND3patch_5_sub_patch_1_scene3_bz.bmp,1,1
Real/Multispectral/blur/B3/1_BAND3patch_31_sub_patch_3_rg__scene1.bmp,Simulated/Multispectral/stripes/B3/3_Atlanta_nadir10_img_39_323_cl.bmp,0,0
Simulated/Multispectral/impulse/B3/2_Shanghai_img_5614_5129_cl.bmp,Real/Multispectral/blur/B3/1_BAND3patch_31_sub_patch_3_rg__scene1.bmp,1,1
Real/Multispectral/misc/B3/3_BAND3patch_71_sub_patch_12_scene3_hz_sa_msc_Lines.bmp,Real/Multispectral/clean/B3/0_Shanghai_img_3003_2229_cl_check.bmp,1,1
Real/Multispectral/blur/B3/2_BAND3patch_69_sub_patch_10_ns_bl__scene1.bmp,Simulated/Multispectral/stripes/B3/1_Atlanta_nadir16_img_284_206_cl.bmp,1,1
Real/Multispectral/haze/B3/3_BAND3patch_51_sub_patch_7_ns_msc_lines_ni_hz__scene1.bmp,Real/Multispectral/haze/B3/3_BAND3patch_54_sub_patch_2_scene3_hz.bmp,0,0
Simulated/Multispectral/stripes/B3/2_Shanghai_img_2516_1687_cl.bmp,Real/Multispectral/haze/B3/3_BAND3patch_24_sub_patch_12_bl_ns_msc_lines__scene1.bmp,0,1
Simulated/Multispectral/blur/B3/2_Atlanta_nadir8_img_277_198_cl.bmp,Real/Multispectral/stripes/B3/3_BAND3patch_51_sub_patch_3_scene3_st.bmp,0,0
Simulated/Multispectral/blur/B3/2_Atlanta_nadir16_img_291_214_cl.bmp,Real/Multispectral/blur/B3/1_BAND3patch_31_sub_patch_15_rg_msc__scene1.bmp,1,1
Simulated/Multispectral/blur/B3/2_Atlanta_nadir16_img_291_214_cl.bmp,Real/Multispectral/stripes/B3/3_BAND3patch_51_sub_patch_3_scene3_st.bmp,1,1
Simulated/Multispectral/pogan/B3/3_BAND3patch_13_sub_patch_13_scene1.bmp,Real/Multispectral/misc/B3/1_BAND3patch_55_sub_patch_15_msc_lines_ns__scene1.bmp,1,1
Simulated/Multispectral/blur/B3/1_Shanghai_img_5330_4814_cl.bmp,Real/Multispectral/blur/B3/3_BAND3patch_40_sub_patch_15_bl__scene1.bmp,0,0
Real/Multispectral/noise/B3/2_BAND3patch_78_sub_patch_11_ns_msc_lines_scene1.bmp,Real/Multispectral/blur/B3/1_BAND3patch_31_sub_patch_15_rg_msc__scene1.bmp,1,1
Simulated/Multispectral/pogan/B3/2_Atlanta_nadir8_img_470_413_cl.bmp,Simulated/Multispectral/blur/B3/1_Shanghai_img_5330_4814_cl.bmp,1,1
Simulated/Multispectral/stripes/B3/1_BAND3patch_47_sub_patch_2_scene1.bmp,Simulated/Multispectral/haze/B3/3_Shanghai_img_2446_1609_cl.bmp,1,1
Simulated/Multispectral/blur/B3/2_Atlanta_nadir39_img_2_112_cl.bmp,Simulated/Multispectral/stripes/B3/3_Shanghai_img_5378_4866_cl_b1_b3.bmp,1,1
Simulated/Multispectral/impulse/B3/2_BAND3patch_31_sub_patch_8_scene1.bmp,Simulated/Multispectral/stripes/B3/3_BAND3patch_22_sub_patch_2_scene3_cl.bmp,0,0
Real/Multispectral/blur/B3/1_BAND3patch_31_sub_patch_15_rg_msc__scene1.bmp,Real/Multispectral/blur/B3/2_BAND3patch_34_sub_patch_12_ns_bl__scene1.bmp,0,0
Simulated/Multispectral/blur/B3/2_BAND3patch_9_sub_patch_1_scene3_cl.bmp,Real/Multispectral/clean/B3/0_Atlanta_nadir10_img_694_661_cl.bmp,1,1
Real/Multispectral/blur/B3/1_BAND3patch_31_sub_patch_3_rg__scene1.bmp,Real/Multispectral/haze/B3/2_BAND3patch_35_sub_patch_8_ns_ni_hz__scene1.bmp,0,0
Real/Multispectral/blur/B3/1_BAND3patch_25_sub_patch_8_scene3_bl.bmp,Real/Multispectral/stripes/B3/3_BAND3patch_51_sub_patch_3_scene3_st.bmp,1,0
Simulated/Multispectral/pogan/B3/1_BAND3patch_46_sub_patch_14_scene1.bmp,Real/Multispectral/stripes/B3/2_BAND3patch_51_sub_patch_7_scene3_st.bmp,0,0
Real/Multispectral/misc/B3/2_BAND3patch_12_sub_patch_12_bz__scene1.bmp,Real/Multispectral/misc/B3/1_BAND3patch_5_sub_patch_8_scene3_bz.bmp,1,1
Simulated/Multispectral/impulse/B3/3_Shanghai_img_4472_3860_cl.bmp,Real/Multispectral/clean/B3/0_Atlanta_nadir10_img_526_475_cl.bmp,1,1
Simulated/Multispectral/stripes/B3/3_Shanghai_img_5823_5361_cl_check.bmp,Real/Multispectral/misc/B3/1_BAND3patch_6_sub_patch_7_scene3_ns_sa.bmp,1,1
Real/Multispectral/blur/B3/1_BAND3patch_25_sub_patch_8_scene3_bl.bmp,Real/Multispectral/blur/B3/3_BAND3patch_40_sub_patch_15_bl__scene1.bmp,0,0
Real/Multispectral/blur/B3/2_BAND3patch_40_sub_patch_3_bl__scene1.bmp,Real/Multispectral/misc/B3/1_BAND3patch_63_sub_patch_3_bz__scene1.bmp,0,0
Real/Multispectral/haze/B3/1_BAND3patch_23_sub_patch_14_ns_bl_ni_hz__scene1.bmp,Real/Multispectral/clean/B3/0_Atlanta_nadir10_img_694_661_cl.bmp,1,1
Simulated/Multispectral/stripes/B3/3_BAND3patch_55_sub_patch_7_scene1.bmp,Real/Multispectral/misc/B3/3_BAND3patch_23_sub_patch_3_bl_ns_msc_lines__scene1.bmp,1,1
Simulated/Multispectral/haze/B3/2_Shanghai_img_1012_17_cl.bmp,Real/Multispectral/haze/B3/1_BAND3patch_39_sub_patch_3_cl__scene1.bmp,0,0
Real/Multispectral/misc/B3/2_BAND3patch_12_sub_patch_12_bz__scene1.bmp,Real/Multispectral/misc/B3/1_BAND3patch_55_sub_patch_15_msc_lines_ns__scene1.bmp,0,0
Simulated/Multispectral/impulse/B3/1_Atlanta_nadir8_img_361_292_cl.bmp,Real/Multispectral/haze/B3/1_BAND3patch_23_sub_patch_7_scene3_hz.bmp,0,0
Real/Multispectral/noise/B3/3_BAND3patch_46_sub_patch_5_ns_st_scene1.bmp,Simulated/Multispectral/impulse/B3/3_BAND3patch_31_sub_patch_3_scene3_cl.bmp,1,1
Simulated/Multispectral/blur/B3/3_Atlanta_nadir8_img_85_733_cl.bmp,Real/Multispectral/misc/B3/2_BAND3patch_67_sub_patch_6_sa_nsc__scene1.bmp,0,0
Real/Multispectral/noise/B3/3_BAND3patch_62_sub_patch_7_bl_ns_scene1.bmp,Real/Multispectral/clean/B3/0_Atlanta_nadir30_img_237_154_cl.bmp,1,1
Real/Multispectral/blur/B3/3_BAND3patch_23_sub_patch_9_bl_ns__scene1.bmp,Real/Multispectral/haze/B3/1_BAND3patch_23_sub_patch_14_ns_bl_ni_hz__scene1.bmp,1,1
Simulated/Multispectral/blur/B3/2_BAND3patch_71_sub_patch_8_scene3_cl.bmp,Simulated/Multispectral/stripes/B3/1_Atlanta_nadir16_img_284_206_cl.bmp,1,1
Real/Multispectral/misc/B3/3_BAND3patch_23_sub_patch_3_bl_ns_msc_lines__scene1.bmp,Real/Multispectral/misc/B3/3_BAND3patch_28_sub_patch_7_msc_lines__scene1.bmp,0,0
Real/Multispectral/stripes/B3/1_BAND3patch_52_sub_patch_3_scene3_st.bmp,Real/Multispectral/haze/B3/1_BAND3patch_39_sub_patch_3_cl__scene1.bmp,1,1
Real/Multispectral/haze/B3/2_BAND3patch_40_sub_patch_3_scene3_hz.bmp,Simulated/Multispectral/haze/B3/2_Shanghai_img_4869_4300_cl.bmp,1,1
Real/Multispectral/noise/B3/2_BAND3patch_22_sub_patch_8_scene3_ns.bmp,Real/Multispectral/noise/B3/1_BAND3patch_67_sub_patch_8_ns_scene1.bmp,0,0
Simulated/Multispectral/blur/B3/1_Shanghai_img_5330_4814_cl.bmp,Real/Multispectral/blur/B3/2_BAND3patch_40_sub_patch_3_bl__scene1.bmp,0,0
Simulated/Multispectral/haze/B3/2_Atlanta_nadir44_img_234_151_cl.bmp,Real/Multispectral/clean/B3/0_Atlanta_nadir30_img_370_302_cl.bmp,1,1
Real/Multispectral/noise/B3/1_BAND3patch_40_sub_patch_5_ns_sa_scene1.bmp,Real/Multispectral/misc/B3/2_BAND3patch_67_sub_patch_6_sa_nsc__scene1.bmp,0,0
Simulated/Multispectral/impulse/B3/1_Atlanta_nadir10_img_436_375_cl.bmp,Real/Multispectral/haze/B3/3_BAND3patch_23_sub_patch_4_ns_hz__scene1.bmp,1,1
Real/Multispectral/blur/B3/2_BAND3patch_40_sub_patch_3_bl__scene1.bmp,Simulated/Multispectral/haze/B3/3_Shanghai_img_2446_1609_cl.bmp,1,0
Real/Multispectral/noise/B3/1_BAND3patch_24_sub_patch_2_ns_scene1.bmp,Real/Multispectral/blur/B3/3_BAND3patch_32_sub_patch_8_bl__scene1.bmp,1,0
Real/Multispectral/noise/B3/2_BAND3patch_78_sub_patch_11_ns_msc_lines_scene1.bmp,Real/Multispectral/misc/B3/3_BAND3patch_75_sub_patch_0_ns_sa_bl__scene1.bmp,0,0
Real/Multispectral/haze/B3/1_BAND3patch_23_sub_patch_7_scene3_hz.bmp,Real/Multispectral/haze/B3/2_BAND3patch_51_sub_patch_7_ns_msc_lines_ni_hz___scene1.bmp,1,0
Real/Multispectral/haze/B3/2_BAND3patch_40_sub_patch_3_scene3_hz.bmp,Real/Multispectral/haze/B3/2_BAND3patch_51_sub_patch_7_ns_msc_lines_ni_hz___scene1.bmp,1,1
Real/Multispectral/haze/B3/3_BAND3patch_41_sub_patch_10_ns_ni_hz__scene1.bmp,Real/Multispectral/misc/B3/2_BAND3patch_64_sub_patch_4_bz__scene1.bmp,1,1
Real/Multispectral/noise/B3/1_BAND3patch_67_sub_patch_8_ns_scene1.bmp,Real/Multispectral/misc/B3/1_BAND3patch_34_sub_patch_15_bz_ns__scene1.bmp,1,1
Simulated/Multispectral/impulse/B3/3_BAND3patch_31_sub_patch_3_scene3_cl.bmp,Real/Multispectral/clean/B3/0_Shanghai_img_3003_2229_cl_check.bmp,1,1
Simulated/Multispectral/blur/B3/3_Atlanta_nadir8_img_85_733_cl.bmp,Simulated/Multispectral/haze/B3/3_Atlanta_nadir39_img_531_481_cl.bmp,1,1
Simulated/Multispectral/blur/B3/1_Shanghai_img_5330_4814_cl.bmp,Real/Multispectral/misc/B3/3_BAND3patch_23_sub_patch_3_bl_ns_msc_lines__scene1.bmp,0,0
Simulated/Multispectral/stripes/B3/2_Shanghai_img_2516_1687_cl.bmp,Real/Multispectral/misc/B3/3_BAND3patch_58_sub_patch_12_sa_ns__scene1.bmp,0,0
Simulated/Multispectral/blur/B3/3_Atlanta_nadir8_img_177_87_cl.bmp,Real/Multispectral/blur/B3/3_BAND3patch_32_sub_patch_8_bl__scene1.bmp,1,1
Real/Multispectral/blur/B3/3_BAND3patch_32_sub_patch_8_bl__scene1.bmp,Simulated/Multispectral/stripes/B3/3_BAND3patch_55_sub_patch_7_scene1.bmp,0,0
Real/Multispectral/noise/B3/3_BAND3patch_46_sub_patch_5_ns_st_scene1.bmp,Simulated/Multispectral/pogan/B3/2_Atlanta_nadir16_img_539_489_cl_b1_check.bmp,1,1
Real/Multispectral/misc/B3/1_BAND3patch_22_sub_patch_14_msc_lines_ns__scene1.bmp,Real/Multispectral/misc/B3/1_BAND3patch_34_sub_patch_15_bz_ns__scene1.bmp,1,1
Simulated/Multispectral/blur/B3/2_Atlanta_nadir39_img_2_112_cl.bmp,Real/Multispectral/misc/B3/3_BAND3patch_67_sub_patch_0_bl_ns_sa__scene1.bmp,0,0
Simulated/Multispectral/impulse/B3/3_BAND3patch_31_sub_patch_3_scene3_cl.bmp,Real/Multispectral/misc/B3/2_BAND3patch_67_sub_patch_6_sa_nsc__scene1.bmp,0,0
Real/Multispectral/noise/B3/1_BAND3patch_24_sub_patch_2_ns_scene1.bmp,Real/Multispectral/noise/B3/1_BAND3patch_67_sub_patch_8_ns_scene1.bmp,0,0
Simulated/Multispectral/pogan/B3/1_Atlanta_nadir8_img_627_587_cl.bmp,Real/Multispectral/noise/B3/3_BAND3patch_46_sub_patch_5_ns_st_scene1.bmp,0,0
Real/Multispectral/blur/B3/2_BAND3patch_40_sub_patch_3_bl__scene1.bmp,Simulated/Multispectral/haze/B3/1_BAND3patch_71_sub_patch_0_scene3_cl.bmp,0,0
Real/Multispectral/misc/B3/2_BAND3patch_37_sub_patch_7_bz__scene1.bmp,Real/Multispectral/clean/B3/0_Atlanta_nadir10_img_694_661_cl.bmp,1,1
Real/Multispectral/blur/B3/2_BAND3patch_41_sub_patch_0_bl__scene1.bmp,Real/Multispectral/blur/B3/3_BAND3patch_32_sub_patch_8_bl__scene1.bmp,0,0
Real/Multispectral/haze/B3/3_BAND3patch_54_sub_patch_2_scene3_hz.bmp,Simulated/Multispectral/haze/B3/3_BAND3patch_24_sub_patch_11_scene3_cl.bmp,0,1
Real/Multispectral/haze/B3/2_BAND3patch_32_sub_patch_1_bl_ns__scene1.bmp,Real/Multispectral/misc/B3/1_BAND3patch_16_sub_patch_3_msc_lines_ns__scene1.bmp,1,1
Real/Multispectral/blur/B3/1_BAND3patch_31_sub_patch_3_rg__scene1.bmp,Real/Multispectral/misc/B3/2_BAND3patch_57_sub_patch_6_sa_ns__scene1.bmp,0,0
Simulated/Multispectral/stripes/B3/1_BAND3patch_8_sub_patch_13_scene3_cl.bmp,Real/Multispectral/haze/B3/3_BAND3patch_23_sub_patch_1_bz_ns_bl__scene1.bmp,0,0
Simulated/Multispectral/blur/B3/3_Atlanta_nadir8_img_177_87_cl.bmp,Real/Multispectral/misc/B3/1_BAND3patch_16_sub_patch_3_msc_lines_ns__scene1.bmp,1,1
Simulated/Multispectral/impulse/B3/1_BAND3patch_50_sub_patch_7_scene1.bmp,Real/Multispectral/misc/B3/3_BAND3patch_67_sub_patch_0_bl_ns_sa__scene1.bmp,0,0
Real/Multispectral/haze/B3/1_BAND3patch_23_sub_patch_14_ns_bl_ni_hz__scene1.bmp,Real/Multispectral/clean/B3/0_Shanghai_img_1006_10_cl_b1_check.bmp,1,1
