image1,image2,labels_5,labels_7
Real/Multispectral/blur/B4/2_BAND4patch_21_sub_patch_0_bl_blur_level2_urban.bmp,Real/Multispectral/blur/B4/1_BAND4patch_15_sub_patch_15_scene3_bl.bmp,0,0
Real/Multispectral/noise/B4/1_BAND4patch_27_sub_patch_2_scene2_ns.bmp,Simulated/Multispectral/pogan/B4/2_Vegas_img_5144_4607cl.bmp,1,1
Simulated/Multispectral/haze/B4/1_BAND4patch_12_sub_patch_8_scene3_cl.bmp,Real/Multispectral/misc/B4/3_BAND4patch_48_sub_patch_12_scene3_msc_lines_sa.bmp,0,0
Real/Multispectral/stripes/B4/2_BAND4patch_33_sub_patch_1_st_line_msc_pn_level2_water.bmp,Real/Multispectral/misc/B4/3_BAND4patch_30_sub_patch_4_scene2_bz.bmp,1,1
Real/Multispectral/blur/B4/1_BAND4patch_48_sub_patch_15_scene2_bl.bmp,Real/Multispectral/misc/B4/3_BAND4patch_6_sub_patch_0_scene2_msc.bmp,0,0
Real/Multispectral/noise/B4/1_BAND4patch_19_sub_patch_1_scene2_ns.bmp,Simulated/Multispectral/haze/B4/3_BAND4patch_54_sub_patch_9_scene3_cl.bmp,1,1
Real/Multispectral/blur/B4/2_BAND4patch_40_sub_patch_12_scene2_bl.bmp,Simulated/Multispectral/stripes/B4/1_Vegas_img_4665_4074cl.bmp,0,1
Real/Multispectral/blur/B4/2_BAND4patch_40_sub_patch_12_scene2_bl.bmp,Simulated/Multispectral/blur/B4/1_Vegas_img_178_868cl_b1_check.bmp,1,1
Real/Multispectral/noise/B4/2_BAND4patch_53_sub_patch_13_ns_noise_level2_vegetation.bmp,Real/Multispectral/misc/B4/3_BAND4patch_48_sub_patch_12_scene3_msc_lines_sa.bmp,0,0
Simulated/Multispectral/impulse/B4/3_Shanghai_img_2496_1664_cl.bmp,Real/Multispectral/noise/B4/3_BAND4patch_19_sub_patch_11_scene2_ns.bmp,0,0
Real/Multispectral/stripes/B4/2_BAND4patch_33_sub_patch_1_st_line_msc_pn_level2_water.bmp,Real/Multispectral/haze/B4/3_BAND4patch_23_sub_patch_14_scene3_hz.bmp,1,1
Real/Multispectral/noise/B4/2_BAND4patch_40_sub_patch_11_ns_noise_level2_urban.bmp,Real/Multispectral/misc/B4/2_BAND4patch_21_sub_patch_9_scene3_hz_bz.bmp,0,0
Real/Multispectral/noise/B4/3_BAND4patch_19_sub_patch_11_scene2_ns.bmp,Simulated/Multispectral/pogan/B4/3_BAND4patch_14_sub_patch_5.bmp,0,0
Real/Multispectral/noise/B4/3_BAND4patch_19_sub_patch_11_scene2_ns.bmp,Real/Multispectral/noise/B4/2_BAND4patch_40_sub_patch_11_ns_noise_level2_urban.bmp,1,1
Real/Multispectral/noise/B4/3_BAND4patch_19_sub_patch_11_scene2_ns.bmp,Simulated/Multispectral/impulse/B4/2_Shanghai_img_1679_756_cl_b1_check.bmp,1,1
Real/Multispectral/noise/B4/2_BAND4patch_53_sub_patch_13_ns_noise_level2_vegetation.bmp,Simulated/Multispectral/pogan/B4/1_Atlanta_nadir10_img_49_434_cl.bmp,1,1
Simulated/Multispectral/pogan/B4/3_Vegas_img_2189_1323cl_b1_check.bmp,Real/Multispectral/noise/B4/3_BAND4patch_19_sub_patch_11_scene2_ns.bmp,0,0
Simulated/Multispectral/haze/B4/3_Atlanta_nadir44_img_126_31_cl.bmp,Real/Multispectral/misc/B4/3_BAND4patch_30_sub_patch_4_scene2_bz.bmp,0,0
Real/Multispectral/blur/B4/1_BAND4patch_15_sub_patch_15_scene3_bl.bmp,Real/Multispectral/misc/B4/2_BAND4patch_21_sub_patch_9_scene3_hz_bz.bmp,0,0
Real/Multispectral/noise/B4/3_BAND4patch_19_sub_patch_11_scene2_ns.bmp,Real/Multispectral/noise/B4/1_BAND4patch_27_sub_patch_2_scene2_ns.bmp,1,1
Real/Multispectral/noise/B4/2_BAND4patch_40_sub_patch_11_ns_noise_level2_urban.bmp,Real/Multispectral/noise/B4/1_BAND4patch_69_sub_patch_2_ns_noise_level1_urban.bmp,1,1
Simulated/Multispectral/impulse/B4/3_Shanghai_img_872_6838_cl.bmp,Real/Multispectral/noise/B4/1_BAND4patch_19_sub_patch_1_scene2_ns.bmp,1,1
Simulated/Multispectral/stripes/B4/3_Atlanta_nadir10_img_84_732_cl.bmp,Real/Multispectral/misc/B4/1_BAND4patch_36_sub_patch_0_scene2_msc.bmp,1,1
Simulated/Multispectral/impulse/B4/3_Shanghai_img_872_6838_cl.bmp,Real/Multispectral/blur/B4/2_BAND4patch_21_sub_patch_0_bl_blur_level2_urban.bmp,1,1
Real/Multispectral/haze/B4/3_BAND4patch_23_sub_patch_14_scene3_hz.bmp,Real/Multispectral/haze/B4/2_BAND4patch_15_sub_patch_6_scene3_hz.bmp,1,1
Real/Multispectral/misc/B4/3_BAND4patch_6_sub_patch_0_scene2_msc.bmp,Real/Multispectral/misc/B4/3_BAND4patch_30_sub_patch_4_scene2_bz.bmp,1,1
Real/Multispectral/haze/B4/3_BAND4patch_23_sub_patch_14_scene3_hz.bmp,Simulated/Multispectral/haze/B4/3_Vegas_img_5111_4571cl_b1_check.bmp,1,1
Real/Multispectral/noise/B4/3_BAND4patch_19_sub_patch_11_scene2_ns.bmp,Simulated/Multispectral/impulse/B4/2_BAND4patch_35_sub_patch_11_scene3_cl.bmp,1,1
Simulated/Multispectral/pogan/B4/3_Atlanta_nadir8_img_509_456_cl.bmp,Simulated/Multispectral/haze/B4/2_Shanghai_img_2480_1647_cl.bmp,1,1
Real/Multispectral/blur/B4/1_BAND4patch_15_sub_patch_15_scene3_bl.bmp,Real/Multispectral/blur/B4/3_BAND4patch_29_sub_patch_14_bl_msc_blur_level3_urban.bmp,0,0
Real/Multispectral/stripes/B4/2_BAND4patch_14_sub_patch_15_msc_pn_level2_urban.bmp,Real/Multispectral/haze/B4/2_BAND4patch_34_sub_patch_0_scene3_hz.bmp,1,1
Real/Multispectral/haze/B4/2_BAND4patch_34_sub_patch_0_scene3_hz.bmp,Real/Multispectral/clean/B4/0_Vegas_img_4605_4008cl.bmp,1,1
Simulated/Multispectral/haze/B4/3_Atlanta_nadir44_img_126_31_cl.bmp,Real/Multispectral/haze/B4/3_BAND4patch_23_sub_patch_14_scene3_hz.bmp,0,0
Real/Multispectral/haze/B4/2_BAND4patch_34_sub_patch_0_scene3_hz.bmp,Real/Multispectral/haze/B4/2_BAND4patch_15_sub_patch_6_scene3_hz.bmp,0,0
Simulated/Multispectral/pogan/B4/1_Vegas_img_4905_4341cl.bmp,Real/Multispectral/misc/B4/2_BAND4patch_69_sub_patch_8_scene3_msc_lines_sa.bmp,0,0
Real/Multispectral/blur/B4/3_BAND4patch_29_sub_patch_14_bl_msc_blur_level3_urban.bmp,Simulated/Multispectral/haze/B4/3_Atlanta_nadir44_img_126_31_cl.bmp,1,1
Simulated/Multispectral/blur/B4/3_Vegas_img_3607_2899cl.bmp,Real/Multispectral/clean/B4/0_Vegas_img_4605_4008cl.bmp,1,1
Simulated/Multispectral/pogan/B4/2_Atlanta_nadir30_img_631_592_cl.bmp,Real/Multispectral/blur/B4/1_BAND4patch_48_sub_patch_15_scene2_bl.bmp,1,1
Simulated/Multispectral/haze/B4/1_BAND4patch_28_sub_patch_7_scene3_cl.bmp,Real/Multispectral/misc/B4/3_BAND4patch_30_sub_patch_4_scene2_bz.bmp,1,1
Real/Multispectral/haze/B4/2_BAND4patch_15_sub_patch_6_scene3_hz.bmp,Real/Multispectral/misc/B4/1_BAND4patch_13_sub_patch_6_cl_st_saturated_level1_urban.bmp,1,1
Simulated/Multispectral/blur/B4/3_Vegas_img_289_2101cl_b1_check.bmp,Simulated/Multispectral/haze/B4/3_BAND4patch_54_sub_patch_9_scene3_cl.bmp,1,1
Simulated/Multispectral/stripes/B4/3_Atlanta_nadir10_img_84_732_cl.bmp,Real/Multispectral/haze/B4/3_BAND4patch_23_sub_patch_14_scene3_hz.bmp,1,1
Simulated/Multispectral/pogan/B4/1_Vegas_img_4905_4341cl.bmp,Real/Multispectral/noise/B4/3_BAND4patch_19_sub_patch_11_scene2_ns.bmp,0,0
Simulated/Multispectral/blur/B4/2_Shanghai_img_959_6934_cl.bmp,Simulated/Multispectral/stripes/B4/3_Atlanta_nadir10_img_84_732_cl.bmp,0,0
Real/Multispectral/blur/B4/3_BAND4patch_12_sub_patch_12_msc_blur_level3_urban.bmp,Real/Multispectral/blur/B4/3_BAND4patch_20_sub_patch_15_bl_blur_level3_urban.bmp,1,1
Simulated/Multispectral/blur/B4/3_BAND4patch_49_sub_patch_12_scene2.bmp,Simulated/Multispectral/haze/B4/1_Atlanta_nadir39_img_391_325_cl.bmp,1,1
Real/Multispectral/noise/B4/1_BAND4patch_70_sub_patch_11_ns_noise_level1_urban.bmp,Real/Multispectral/noise/B4/2_BAND4patch_18_sub_patch_15_scene2_ns.bmp,0,0
Real/Multispectral/blur/B4/3_BAND4patch_20_sub_patch_15_bl_blur_level3_urban.bmp,Real/Multispectral/misc/B4/1_BAND4patch_26_sub_patch_8_scene2_sa.bmp,1,1
Real/Multispectral/noise/B4/3_BAND4patch_19_sub_patch_11_scene2_ns.bmp,Simulated/Multispectral/haze/B4/1_BAND4patch_12_sub_patch_8_scene3_cl.bmp,1,1
Real/Multispectral/blur/B4/2_BAND4patch_50_sub_patch_4_bl_blur_level2_urban.bmp,Simulated/Multispectral/blur/B4/1_BAND4patch_33_sub_patch_10.bmp,0,0
Real/Multispectral/blur/B4/3_BAND4patch_20_sub_patch_15_bl_blur_level3_urban.bmp,Real/Multispectral/haze/B4/2_BAND4patch_15_sub_patch_6_scene3_hz.bmp,0,0
Simulated/Multispectral/pogan/B4/2_BAND4patch_18_sub_patch_12_scene3_cl.bmp,Real/Multispectral/noise/B4/1_BAND4patch_78_sub_patch_5_ns_line_msc_noise_level1_urban.bmp,1,1
Real/Multispectral/haze/B4/2_BAND4patch_34_sub_patch_0_scene3_hz.bmp,Real/Multispectral/clean/B4/0_BAND4patch_24_sub_patch_5_scene3_cl.bmp,1,1
Simulated/Multispectral/blur/B4/1_BAND4patch_33_sub_patch_10.bmp,Real/Multispectral/misc/B4/3_BAND4patch_30_sub_patch_4_scene2_bz.bmp,1,0
Simulated/Multispectral/blur/B4/1_Vegas_img_178_868cl_b1_check.bmp,Real/Multispectral/stripes/B4/2_BAND4patch_33_sub_patch_1_st_line_msc_pn_level2_water.bmp,0,0
Real/Multispectral/blur/B4/2_BAND4patch_21_sub_patch_0_bl_blur_level2_urban.bmp,Real/Multispectral/clean/B4/0_Atlanta_nadir8_img_549_500_cl.bmp,1,1
Simulated/Multispectral/pogan/B4/3_Vegas_img_2189_1323cl_b1_check.bmp,Real/Multispectral/misc/B4/1_BAND4patch_70_sub_patch_7_scene3_msc_lines_banding.bmp,0,1
Simulated/Multispectral/pogan/B4/3_Atlanta_nadir8_img_509_456_cl.bmp,Real/Multispectral/noise/B4/3_BAND4patch_19_sub_patch_11_scene2_ns.bmp,0,1
Simulated/Multispectral/impulse/B4/2_BAND4patch_35_sub_patch_5_scene2.bmp,Simulated/Multispectral/blur/B4/1_BAND4patch_33_sub_patch_10.bmp,0,0
Real/Multispectral/misc/B4/2_BAND4patch_19_sub_patch_5_scene2_msc.bmp,Real/Multispectral/misc/B4/3_BAND4patch_39_sub_patch_0_scene2_bz.bmp,1,1
Real/Multispectral/blur/B4/2_BAND4patch_40_sub_patch_12_scene2_bl.bmp,Real/Multispectral/blur/B4/2_BAND4patch_50_sub_patch_4_bl_blur_level2_urban.bmp,1,0
Real/Multispectral/misc/B4/2_BAND4patch_57_sub_patch_4_scene2_bz.bmp,Real/Multispectral/misc/B4/1_BAND4patch_52_sub_patch_0_st_ns_stripes_level1_urban.bmp,0,0
Simulated/Multispectral/pogan/B4/2_Vegas_img_5144_4607cl.bmp,Real/Multispectral/noise/B4/1_BAND4patch_70_sub_patch_11_ns_noise_level1_urban.bmp,1,1
Real/Multispectral/noise/B4/2_BAND4patch_19_sub_patch_13_scene2_ns.bmp,Simulated/Multispectral/pogan/B4/3_Atlanta_nadir8_img_509_456_cl.bmp,1,0
Real/Multispectral/misc/B4/2_BAND4patch_33_sub_patch_2_st_msc_hz_line_stripes_level2_water.bmp,Real/Multispectral/misc/B4/1_BAND4patch_36_sub_patch_0_scene2_msc.bmp,1,1
Simulated/Multispectral/haze/B4/3_BAND4patch_71_sub_patch_3_scene2.bmp,Real/Multispectral/haze/B4/3_BAND4patch_23_sub_patch_14_scene3_hz.bmp,0,0
Simulated/Multispectral/blur/B4/1_BAND4patch_33_sub_patch_10.bmp,Real/Multispectral/clean/B4/0_Vegas_img_3256_2509cl.bmp,1,1
Simulated/Multispectral/pogan/B4/1_Atlanta_nadir10_img_49_434_cl.bmp,Real/Multispectral/noise/B4/3_BAND4patch_19_sub_patch_11_scene2_ns.bmp,0,0
Real/Multispectral/misc/B4/1_BAND4patch_36_sub_patch_0_scene2_msc.bmp,Real/Multispectral/misc/B4/3_BAND4patch_6_sub_patch_0_scene2_msc.bmp,0,0
Real/Multispectral/noise/B4/3_BAND4patch_19_sub_patch_11_scene2_ns.bmp,Simulated/Multispectral/pogan/B4/1_Atlanta_nadir10_img_49_434_cl.bmp,1,1
Real/Multispectral/misc/B4/3_BAND4patch_39_sub_patch_0_scene2_bz.bmp,Real/Multispectral/clean/B4/0_BAND4patch_24_sub_patch_5_scene3_cl.bmp,0,0
Real/Multispectral/noise/B4/1_BAND4patch_69_sub_patch_2_ns_noise_level1_urban.bmp,Simulated/Multispectral/stripes/B4/3_Atlanta_nadir10_img_84_732_cl.bmp,1,1
Simulated/Multispectral/haze/B4/2_Atlanta_nadir10_img_392_326_cl.bmp,Real/Multispectral/haze/B4/3_BAND4patch_23_sub_patch_14_scene3_hz.bmp,0,0
Simulated/Multispectral/pogan/B4/2_Vegas_img_5144_4607cl.bmp,Simulated/Multispectral/blur/B4/3_BAND4patch_49_sub_patch_12_scene2.bmp,0,0
Simulated/Multispectral/pogan/B4/2_Atlanta_nadir30_img_631_592_cl.bmp,Real/Multispectral/clean/B4/0_Vegas_img_3256_2509cl.bmp,0,1
Simulated/Multispectral/pogan/B4/2_Atlanta_nadir30_img_631_592_cl.bmp,Real/Multispectral/noise/B4/3_BAND4patch_19_sub_patch_11_scene2_ns.bmp,0,0
Real/Multispectral/blur/B4/1_BAND4patch_8_sub_patch_13_scene3_bl.bmp,Simulated/Multispectral/haze/B4/3_Atlanta_nadir44_img_126_31_cl.bmp,1,1
Real/Multispectral/misc/B4/3_BAND4patch_30_sub_patch_4_scene2_bz.bmp,Real/Multispectral/clean/B4/0_Vegas_img_3256_2509cl.bmp,0,0
Simulated/Multispectral/blur/B4/3_Vegas_img_3607_2899cl.bmp,Simulated/Multispectral/haze/B4/1_Atlanta_nadir39_img_391_325_cl.bmp,1,1
Real/Multispectral/noise/B4/1_BAND4patch_19_sub_patch_1_scene2_ns.bmp,Real/Multispectral/misc/B4/1_BAND4patch_54_sub_patch_2_bz_butting_level1_urban.bmp,0,0
Real/Multispectral/haze/B4/2_BAND4patch_15_sub_patch_6_scene3_hz.bmp,Real/Multispectral/misc/B4/2_BAND4patch_34_sub_patch_2_line_msc_stripes_level2_vegetation.bmp,0,1
Real/Multispectral/blur/B4/2_BAND4patch_38_sub_patch_2_bl_blur_level2_urban.bmp,Real/Multispectral/misc/B4/2_BAND4patch_69_sub_patch_8_scene3_msc_lines_sa.bmp,0,0
Simulated/Multispectral/blur/B4/2_Atlanta_nadir10_img_161_70_cl.bmp,Real/Multispectral/haze/B4/2_BAND4patch_34_sub_patch_0_scene3_hz.bmp,1,1
Real/Multispectral/misc/B4/3_BAND4patch_39_sub_patch_0_scene2_bz.bmp,Real/Multispectral/misc/B4/2_BAND4patch_34_sub_patch_2_line_msc_stripes_level2_vegetation.bmp,0,0
Simulated/Multispectral/pogan/B4/1_Vegas_img_4905_4341cl.bmp,Simulated/Multispectral/blur/B4/2_Atlanta_nadir10_img_161_70_cl.bmp,0,0
Real/Multispectral/misc/B4/3_BAND4patch_6_sub_patch_0_scene2_msc.bmp,Real/Multispectral/misc/B4/2_BAND4patch_21_sub_patch_9_scene3_hz_bz.bmp,0,0
Real/Multispectral/noise/B4/3_BAND4patch_19_sub_patch_11_scene2_ns.bmp,Simulated/Multispectral/pogan/B4/3_Atlanta_nadir8_img_509_456_cl.bmp,1,0
Simulated/Multispectral/pogan/B4/2_Atlanta_nadir30_img_631_592_cl.bmp,Simulated/Multispectral/stripes/B4/3_Atlanta_nadir10_img_84_732_cl.bmp,0,0
Real/Multispectral/noise/B4/3_BAND4patch_19_sub_patch_11_scene2_ns.bmp,Real/Multispectral/clean/B4/0_BAND4patch_18_sub_patch_12_scene2_cl.bmp,1,1
Simulated/Multispectral/pogan/B4/1_Vegas_img_4905_4341cl.bmp,Simulated/Multispectral/blur/B4/1_BAND4patch_10_sub_patch_11_scene3_cl.bmp,0,0
Simulated/Multispectral/pogan/B4/3_BAND4patch_14_sub_patch_5.bmp,Real/Multispectral/misc/B4/1_BAND4patch_33_sub_patch_10_cl_stripes_level1_vegetation.bmp,1,1
Real/Multispectral/noise/B4/3_BAND4patch_19_sub_patch_11_scene2_ns.bmp,Real/Multispectral/misc/B4/1_BAND4patch_54_sub_patch_2_bz_butting_level1_urban.bmp,1,1
Simulated/Multispectral/blur/B4/1_Vegas_img_178_868cl_b1_check.bmp,Real/Multispectral/blur/B4/3_BAND4patch_20_sub_patch_15_bl_blur_level3_urban.bmp,0,0
Real/Multispectral/blur/B4/2_BAND4patch_38_sub_patch_2_bl_blur_level2_urban.bmp,Real/Multispectral/clean/B4/0_Atlanta_nadir10_img_736_708_cl.bmp,1,1
Real/Multispectral/noise/B4/3_BAND4patch_19_sub_patch_11_scene2_ns.bmp,Real/Multispectral/noise/B4/1_BAND4patch_70_sub_patch_11_ns_noise_level1_urban.bmp,1,1
Simulated/Multispectral/haze/B4/2_Shanghai_img_2480_1647_cl.bmp,Real/Multispectral/haze/B4/2_BAND4patch_15_sub_patch_6_scene3_hz.bmp,0,0
Simulated/Multispectral/blur/B4/3_Vegas_img_3607_2899cl.bmp,Real/Multispectral/misc/B4/2_BAND4patch_21_sub_patch_9_scene3_hz_bz.bmp,0,0
Real/Multispectral/misc/B4/1_BAND4patch_52_sub_patch_0_st_ns_stripes_level1_urban.bmp,Real/Multispectral/clean/B4/0_BAND4patch_24_sub_patch_5_scene3_cl.bmp,1,1
Simulated/Multispectral/impulse/B4/2_BAND4patch_35_sub_patch_5_scene2.bmp,Real/Multispectral/noise/B4/3_BAND4patch_19_sub_patch_11_scene2_ns.bmp,0,0
Real/Multispectral/noise/B4/2_BAND4patch_40_sub_patch_11_ns_noise_level2_urban.bmp,Real/Multispectral/misc/B4/2_BAND4patch_33_sub_patch_2_st_msc_hz_line_stripes_level2_water.bmp,0,0
Real/Multispectral/haze/B4/3_BAND4patch_23_sub_patch_14_scene3_hz.bmp,Simulated/Multispectral/haze/B4/3_BAND4patch_54_sub_patch_9_scene3_cl.bmp,1,1
Real/Multispectral/noise/B4/2_BAND4patch_40_sub_patch_11_ns_noise_level2_urban.bmp,Real/Multispectral/misc/B4/3_BAND4patch_39_sub_patch_0_scene2_bz.bmp,1,1
Simulated/Multispectral/haze/B4/1_Shanghai_img_1234_263_cl.bmp,Real/Multispectral/misc/B4/2_BAND4patch_69_sub_patch_8_scene3_msc_lines_sa.bmp,0,0
Real/Multispectral/noise/B4/1_BAND4patch_19_sub_patch_1_scene2_ns.bmp,Real/Multispectral/noise/B4/2_BAND4patch_19_sub_patch_13_scene2_ns.bmp,0,0
Simulated/Multispectral/blur/B4/3_Vegas_img_289_2101cl_b1_check.bmp,Real/Multispectral/misc/B4/1_BAND4patch_54_sub_patch_2_bz_butting_level1_urban.bmp,1,1
Real/Multispectral/noise/B4/2_BAND4patch_53_sub_patch_13_ns_noise_level2_vegetation.bmp,Simulated/Multispectral/haze/B4/1_Shanghai_img_1234_263_cl.bmp,1,1
Simulated/Multispectral/pogan/B4/3_BAND4patch_14_sub_patch_5.bmp,Real/Multispectral/noise/B4/1_BAND4patch_69_sub_patch_2_ns_noise_level1_urban.bmp,1,1
Simulated/Multispectral/stripes/B4/2_Vegas_img_993_5160cl_b1_check.bmp,Real/Multispectral/misc/B4/2_BAND4patch_69_sub_patch_8_scene3_msc_lines_sa.bmp,0,0
Simulated/Multispectral/pogan/B4/1_Vegas_img_4905_4341cl.bmp,Simulated/Multispectral/blur/B4/2_BAND4patch_39_sub_patch_1.bmp,0,0
Real/Multispectral/noise/B4/2_BAND4patch_18_sub_patch_15_scene2_ns.bmp,Real/Multispectral/noise/B4/3_BAND4patch_19_sub_patch_11_scene2_ns.bmp,0,0
Real/Multispectral/misc/B4/2_BAND4patch_21_sub_patch_9_scene3_hz_bz.bmp,Real/Multispectral/misc/B4/1_BAND4patch_70_sub_patch_7_scene3_msc_lines_banding.bmp,1,1
Real/Multispectral/blur/B4/3_BAND4patch_29_sub_patch_14_bl_msc_blur_level3_urban.bmp,Real/Multispectral/clean/B4/0_Atlanta_nadir16_img_440_380_cl.bmp,1,1
Real/Multispectral/blur/B4/2_BAND4patch_21_sub_patch_0_bl_blur_level2_urban.bmp,Real/Multispectral/clean/B4/0_Atlanta_nadir10_img_736_708_cl.bmp,1,1
Real/Multispectral/noise/B4/2_BAND4patch_19_sub_patch_13_scene2_ns.bmp,Real/Multispectral/stripes/B4/1_BAND4patch_52_sub_patch_15_scene3_st.bmp,1,1
Simulated/Multispectral/pogan/B4/1_Atlanta_nadir10_img_49_434_cl.bmp,Real/Multispectral/noise/B4/2_BAND4patch_18_sub_patch_15_scene2_ns.bmp,0,0
Simulated/Multispectral/blur/B4/1_BAND4patch_33_sub_patch_10.bmp,Real/Multispectral/misc/B4/2_BAND4patch_21_sub_patch_9_scene3_hz_bz.bmp,0,0
Real/Multispectral/stripes/B4/2_BAND4patch_14_sub_patch_15_msc_pn_level2_urban.bmp,Real/Multispectral/misc/B4/3_BAND4patch_6_sub_patch_0_scene2_msc.bmp,1,1
Real/Multispectral/blur/B4/1_BAND4patch_8_sub_patch_13_scene3_bl.bmp,Real/Multispectral/clean/B4/0_BAND4patch_18_sub_patch_12_scene2_cl.bmp,1,1
Real/Multispectral/blur/B4/2_BAND4patch_21_sub_patch_0_bl_blur_level2_urban.bmp,Simulated/Multispectral/haze/B4/2_Atlanta_nadir10_img_392_326_cl.bmp,1,1
Simulated/Multispectral/pogan/B4/3_Atlanta_nadir8_img_509_456_cl.bmp,Real/Multispectral/misc/B4/2_BAND4patch_14_sub_patch_10_bl_stripes_level2_vegetation.bmp,0,1
Simulated/Multispectral/impulse/B4/2_Shanghai_img_1679_756_cl_b1_check.bmp,Simulated/Multispectral/blur/B4/3_Vegas_img_289_2101cl_b1_check.bmp,1,1
Real/Multispectral/blur/B4/1_BAND4patch_8_sub_patch_13_scene3_bl.bmp,Real/Multispectral/blur/B4/3_BAND4patch_12_sub_patch_12_msc_blur_level3_urban.bmp,0,0
Simulated/Multispectral/blur/B4/2_BAND4patch_39_sub_patch_1.bmp,Simulated/Multispectral/stripes/B4/1_Vegas_img_4665_4074cl.bmp,1,1
Simulated/Multispectral/pogan/B4/1_Atlanta_nadir10_img_49_434_cl.bmp,Simulated/Multispectral/stripes/B4/2_BAND4patch_25_sub_patch_3_scene3_cl.bmp,0,0
Real/Multispectral/misc/B4/2_BAND4patch_19_sub_patch_5_scene2_msc.bmp,Real/Multispectral/misc/B4/3_BAND4patch_6_sub_patch_0_scene2_msc.bmp,0,0
Simulated/Multispectral/haze/B4/3_BAND4patch_54_sub_patch_9_scene3_cl.bmp,Real/Multispectral/misc/B4/1_BAND4patch_36_sub_patch_0_scene2_msc.bmp,1,1
Simulated/Multispectral/impulse/B4/2_BAND4patch_35_sub_patch_5_scene2.bmp,Real/Multispectral/misc/B4/2_BAND4patch_57_sub_patch_12_scene2_bz.bmp,1,1
Simulated/Multispectral/impulse/B4/3_Shanghai_img_2496_1664_cl.bmp,Real/Multispectral/noise/B4/2_BAND4patch_40_sub_patch_11_ns_noise_level2_urban.bmp,1,1
Real/Multispectral/blur/B4/3_BAND4patch_20_sub_patch_15_bl_blur_level3_urban.bmp,Real/Multispectral/misc/B4/2_BAND4patch_57_sub_patch_12_scene2_bz.bmp,1,1
Real/Multispectral/blur/B4/1_BAND4patch_48_sub_patch_15_scene2_bl.bmp,Real/Multispectral/blur/B4/3_BAND4patch_20_sub_patch_15_bl_blur_level3_urban.bmp,0,0
Real/Multispectral/noise/B4/3_BAND4patch_19_sub_patch_11_scene2_ns.bmp,Simulated/Multispectral/stripes/B4/2_Vegas_img_993_5160cl_b1_check.bmp,1,1
Simulated/Multispectral/impulse/B4/2_BAND4patch_35_sub_patch_11_scene3_cl.bmp,Real/Multispectral/misc/B4/3_BAND4patch_39_sub_patch_0_scene2_bz.bmp,1,1
Real/Multispectral/blur/B4/1_BAND4patch_8_sub_patch_13_scene3_bl.bmp,Simulated/Multispectral/blur/B4/2_Atlanta_nadir10_img_161_70_cl.bmp,1,1
Real/Multispectral/misc/B4/1_BAND4patch_33_sub_patch_10_cl_stripes_level1_vegetation.bmp,Real/Multispectral/misc/B4/1_BAND4patch_54_sub_patch_2_bz_butting_level1_urban.bmp,0,0
Simulated/Multispectral/blur/B4/2_Atlanta_nadir10_img_161_70_cl.bmp,Real/Multispectral/blur/B4/3_BAND4patch_20_sub_patch_15_bl_blur_level3_urban.bmp,1,1
Real/Multispectral/noise/B4/1_BAND4patch_70_sub_patch_11_ns_noise_level1_urban.bmp,Real/Multispectral/clean/B4/0_Atlanta_nadir8_img_549_500_cl.bmp,1,1
Real/Multispectral/blur/B4/2_BAND4patch_50_sub_patch_4_bl_blur_level2_urban.bmp,Real/Multispectral/misc/B4/2_BAND4patch_69_sub_patch_8_scene3_msc_lines_sa.bmp,0,0
Real/Multispectral/noise/B4/1_BAND4patch_69_sub_patch_2_ns_noise_level1_urban.bmp,Simulated/Multispectral/pogan/B4/2_Atlanta_nadir30_img_631_592_cl.bmp,1,1
Simulated/Multispectral/pogan/B4/2_Atlanta_nadir30_img_631_592_cl.bmp,Simulated/Multispectral/blur/B4/3_Vegas_img_289_2101cl_b1_check.bmp,0,0
Simulated/Multispectral/pogan/B4/3_Atlanta_nadir8_img_509_456_cl.bmp,Real/Multispectral/noise/B4/2_BAND4patch_40_sub_patch_11_ns_noise_level2_urban.bmp,0,0
Simulated/Multispectral/blur/B4/1_Vegas_img_1389_434cl_b1_check.bmp,Real/Multispectral/misc/B4/2_BAND4patch_69_sub_patch_8_scene3_msc_lines_sa.bmp,0,0
Real/Multispectral/noise/B4/3_BAND4patch_19_sub_patch_11_scene2_ns.bmp,Simulated/Multispectral/pogan/B4/1_Vegas_img_4905_4341cl.bmp,1,1
Real/Multispectral/misc/B4/2_BAND4patch_33_sub_patch_2_st_msc_hz_line_stripes_level2_water.bmp,Real/Multispectral/misc/B4/2_BAND4patch_19_sub_patch_5_scene2_msc.bmp,1,1
Real/Multispectral/stripes/B4/1_BAND4patch_52_sub_patch_15_scene3_st.bmp,Real/Multispectral/haze/B4/3_BAND4patch_23_sub_patch_14_scene3_hz.bmp,0,0
Real/Multispectral/blur/B4/2_BAND4patch_21_sub_patch_0_bl_blur_level2_urban.bmp,Real/Multispectral/misc/B4/3_BAND4patch_48_sub_patch_12_scene3_msc_lines_sa.bmp,0,0
Simulated/Multispectral/haze/B4/1_BAND4patch_12_sub_patch_8_scene3_cl.bmp,Real/Multispectral/misc/B4/2_BAND4patch_34_sub_patch_2_line_msc_stripes_level2_vegetation.bmp,1,1
Real/Multispectral/noise/B4/3_BAND4patch_19_sub_patch_11_scene2_ns.bmp,Simulated/Multispectral/impulse/B4/3_Shanghai_img_872_6838_cl.bmp,1,0
Real/Multispectral/blur/B4/2_BAND4patch_21_sub_patch_0_bl_blur_level2_urban.bmp,Real/Multispectral/blur/B4/3_BAND4patch_12_sub_patch_12_msc_blur_level3_urban.bmp,0,0
Real/Multispectral/noise/B4/1_BAND4patch_19_sub_patch_1_scene2_ns.bmp,Simulated/Multispectral/impulse/B4/3_Shanghai_img_2496_1664_cl.bmp,0,0
Simulated/Multispectral/impulse/B4/2_BAND4patch_35_sub_patch_5_scene2.bmp,Simulated/Multispectral/stripes/B4/2_Vegas_img_993_5160cl_b1_check.bmp,0,1
Real/Multispectral/misc/B4/3_BAND4patch_30_sub_patch_4_scene2_bz.bmp,Real/Multispectral/misc/B4/2_BAND4patch_57_sub_patch_4_scene2_bz.bmp,1,1
Real/Multispectral/stripes/B4/1_BAND4patch_52_sub_patch_10_scene3_st.bmp,Simulated/Multispectral/haze/B4/1_BAND4patch_28_sub_patch_7_scene3_cl.bmp,1,1
Simulated/Multispectral/stripes/B4/1_Vegas_img_4665_4074cl.bmp,Simulated/Multispectral/haze/B4/1_BAND4patch_28_sub_patch_7_scene3_cl.bmp,0,1
Real/Multispectral/noise/B4/2_BAND4patch_18_sub_patch_15_scene2_ns.bmp,Simulated/Multispectral/haze/B4/3_BAND4patch_54_sub_patch_9_scene3_cl.bmp,1,1
Real/Multispectral/blur/B4/2_BAND4patch_38_sub_patch_2_bl_blur_level2_urban.bmp,Simulated/Multispectral/blur/B4/1_Vegas_img_1389_434cl_b1_check.bmp,0,0
Real/Multispectral/noise/B4/3_BAND4patch_19_sub_patch_11_scene2_ns.bmp,Simulated/Multispectral/impulse/B4/2_BAND4patch_35_sub_patch_5_scene2.bmp,1,1
Real/Multispectral/noise/B4/2_BAND4patch_18_sub_patch_15_scene2_ns.bmp,Simulated/Multispectral/impulse/B4/2_BAND4patch_35_sub_patch_5_scene2.bmp,1,1
Real/Multispectral/noise/B4/1_BAND4patch_70_sub_patch_11_ns_noise_level1_urban.bmp,Real/Multispectral/noise/B4/1_BAND4patch_19_sub_patch_1_scene2_ns.bmp,0,0
Real/Multispectral/noise/B4/1_BAND4patch_70_sub_patch_11_ns_noise_level1_urban.bmp,Simulated/Multispectral/pogan/B4/2_Atlanta_nadir30_img_631_592_cl.bmp,0,1
Real/Multispectral/stripes/B4/1_BAND4patch_52_sub_patch_15_scene3_st.bmp,Real/Multispectral/misc/B4/2_BAND4patch_69_sub_patch_8_scene3_msc_lines_sa.bmp,0,0
Simulated/Multispectral/pogan/B4/3_Atlanta_nadir8_img_509_456_cl.bmp,Real/Multispectral/stripes/B4/2_BAND4patch_14_sub_patch_7_st_msc_pn_level2_vegetation.bmp,0,1
Real/Multispectral/misc/B4/2_BAND4patch_57_sub_patch_4_scene2_bz.bmp,Real/Multispectral/misc/B4/3_BAND4patch_39_sub_patch_0_scene2_bz.bmp,1,1
Real/Multispectral/misc/B4/2_BAND4patch_57_sub_patch_12_scene2_bz.bmp,Real/Multispectral/misc/B4/3_BAND4patch_30_sub_patch_4_scene2_bz.bmp,0,0
Simulated/Multispectral/pogan/B4/2_Atlanta_nadir30_img_631_592_cl.bmp,Simulated/Multispectral/stripes/B4/2_BAND4patch_25_sub_patch_3_scene3_cl.bmp,0,0
Simulated/Multispectral/impulse/B4/2_BAND4patch_35_sub_patch_5_scene2.bmp,Real/Multispectral/misc/B4/2_BAND4patch_69_sub_patch_8_scene3_msc_lines_sa.bmp,0,0
Real/Multispectral/haze/B4/3_BAND4patch_23_sub_patch_14_scene3_hz.bmp,Real/Multispectral/haze/B4/2_BAND4patch_34_sub_patch_0_scene3_hz.bmp,1,1
Simulated/Multispectral/blur/B4/3_Vegas_img_289_2101cl_b1_check.bmp,Real/Multispectral/blur/B4/3_BAND4patch_12_sub_patch_12_msc_blur_level3_urban.bmp,1,1
Real/Multispectral/blur/B4/2_BAND4patch_21_sub_patch_0_bl_blur_level2_urban.bmp,Simulated/Multispectral/blur/B4/1_Vegas_img_1389_434cl_b1_check.bmp,1,1
Simulated/Multispectral/pogan/B4/1_Atlanta_nadir10_img_49_434_cl.bmp,Real/Multispectral/clean/B4/0_Atlanta_nadir10_img_736_708_cl.bmp,1,1
Simulated/Multispectral/blur/B4/1_BAND4patch_33_sub_patch_10.bmp,Real/Multispectral/blur/B4/3_BAND4patch_12_sub_patch_12_msc_blur_level3_urban.bmp,1,0
Simulated/Multispectral/blur/B4/2_Shanghai_img_959_6934_cl.bmp,Real/Multispectral/blur/B4/1_BAND4patch_8_sub_patch_13_scene3_bl.bmp,1,1
Simulated/Multispectral/haze/B4/3_Vegas_img_5111_4571cl_b1_check.bmp,Real/Multispectral/misc/B4/1_BAND4patch_39_sub_patch_12_scene2_msc.bmp,0,0
Real/Multispectral/noise/B4/3_BAND4patch_19_sub_patch_11_scene2_ns.bmp,Real/Multispectral/misc/B4/2_BAND4patch_57_sub_patch_12_scene2_bz.bmp,1,1
Simulated/Multispectral/haze/B4/1_BAND4patch_28_sub_patch_7_scene3_cl.bmp,Real/Multispectral/misc/B4/1_BAND4patch_26_sub_patch_8_scene2_sa.bmp,1,1
Real/Multispectral/haze/B4/2_BAND4patch_34_sub_patch_0_scene3_hz.bmp,Simulated/Multispectral/haze/B4/3_Atlanta_nadir44_img_126_31_cl.bmp,1,1
Simulated/Multispectral/blur/B4/3_Vegas_img_289_2101cl_b1_check.bmp,Real/Multispectral/haze/B4/2_BAND4patch_34_sub_patch_0_scene3_hz.bmp,1,1
Real/Multispectral/noise/B4/1_BAND4patch_69_sub_patch_2_ns_noise_level1_urban.bmp,Real/Multispectral/stripes/B4/2_BAND4patch_14_sub_patch_15_msc_pn_level2_urban.bmp,0,0
Real/Multispectral/blur/B4/3_BAND4patch_20_sub_patch_15_bl_blur_level3_urban.bmp,Simulated/Multispectral/haze/B4/3_BAND4patch_71_sub_patch_3_scene2.bmp,1,1
Real/Multispectral/blur/B4/3_BAND4patch_20_sub_patch_15_bl_blur_level3_urban.bmp,Simulated/Multispectral/blur/B4/2_Shanghai_img_959_6934_cl.bmp,0,0
Real/Multispectral/noise/B4/3_BAND4patch_19_sub_patch_11_scene2_ns.bmp,Simulated/Multispectral/pogan/B4/2_Atlanta_nadir30_img_631_592_cl.bmp,1,1
Real/Multispectral/misc/B4/3_BAND4patch_6_sub_patch_0_scene2_msc.bmp,Real/Multispectral/misc/B4/1_BAND4patch_33_sub_patch_10_cl_stripes_level1_vegetation.bmp,1,1
Real/Multispectral/noise/B4/2_BAND4patch_18_sub_patch_15_scene2_ns.bmp,Real/Multispectral/blur/B4/1_BAND4patch_8_sub_patch_13_scene3_bl.bmp,1,1
Real/Multispectral/stripes/B4/2_BAND4patch_33_sub_patch_1_st_line_msc_pn_level2_water.bmp,Simulated/Multispectral/haze/B4/1_BAND4patch_28_sub_patch_7_scene3_cl.bmp,1,1
Simulated/Multispectral/pogan/B4/1_Atlanta_nadir10_img_49_434_cl.bmp,Real/Multispectral/stripes/B4/1_BAND4patch_52_sub_patch_10_scene3_st.bmp,0,0
Real/Multispectral/noise/B4/1_BAND4patch_70_sub_patch_11_ns_noise_level1_urban.bmp,Simulated/Multispectral/haze/B4/2_Shanghai_img_2480_1647_cl.bmp,0,0
Real/Multispectral/misc/B4/1_BAND4patch_54_sub_patch_2_bz_butting_level1_urban.bmp,Real/Multispectral/misc/B4/2_BAND4patch_21_sub_patch_9_scene3_hz_bz.bmp,0,0
Simulated/Multispectral/haze/B4/2_Atlanta_nadir10_img_392_326_cl.bmp,Real/Multispectral/misc/B4/1_BAND4patch_39_sub_patch_12_scene2_msc.bmp,1,1
Simulated/Multispectral/impulse/B4/2_BAND4patch_35_sub_patch_5_scene2.bmp,Real/Multispectral/noise/B4/2_BAND4patch_40_sub_patch_11_ns_noise_level2_urban.bmp,0,0
Real/Multispectral/misc/B4/1_BAND4patch_39_sub_patch_12_scene2_msc.bmp,Real/Multispectral/misc/B4/2_BAND4patch_14_sub_patch_10_bl_stripes_level2_vegetation.bmp,0,0
Real/Multispectral/misc/B4/2_BAND4patch_14_sub_patch_10_bl_stripes_level2_vegetation.bmp,Real/Multispectral/misc/B4/2_BAND4patch_57_sub_patch_12_scene2_bz.bmp,1,1
Simulated/Multispectral/impulse/B4/3_Shanghai_img_2496_1664_cl.bmp,Real/Multispectral/noise/B4/1_BAND4patch_78_sub_patch_5_ns_line_msc_noise_level1_urban.bmp,1,1
Real/Multispectral/haze/B4/2_BAND4patch_34_sub_patch_0_scene3_hz.bmp,Simulated/Multispectral/haze/B4/2_Shanghai_img_2480_1647_cl.bmp,0,0
Real/Multispectral/misc/B4/3_BAND4patch_6_sub_patch_0_scene2_msc.bmp,Real/Multispectral/misc/B4/2_BAND4patch_57_sub_patch_12_scene2_bz.bmp,1,1
Simulated/Multispectral/blur/B4/3_BAND4patch_49_sub_patch_12_scene2.bmp,Real/Multispectral/clean/B4/0_Atlanta_nadir16_img_440_380_cl.bmp,1,1
Real/Multispectral/misc/B4/3_BAND4patch_30_sub_patch_4_scene2_bz.bmp,Real/Multispectral/clean/B4/0_Atlanta_nadir10_img_736_708_cl.bmp,1,1
Real/Multispectral/blur/B4/2_BAND4patch_21_sub_patch_0_bl_blur_level2_urban.bmp,Real/Multispectral/blur/B4/1_BAND4patch_48_sub_patch_15_scene2_bl.bmp,1,1
Real/Multispectral/noise/B4/3_BAND4patch_19_sub_patch_11_scene2_ns.bmp,Simulated/Multispectral/haze/B4/1_Shanghai_img_1234_263_cl.bmp,1,1
Real/Multispectral/noise/B4/2_BAND4patch_18_sub_patch_15_scene2_ns.bmp,Real/Multispectral/noise/B4/1_BAND4patch_70_sub_patch_11_ns_noise_level1_urban.bmp,1,1
Real/Multispectral/blur/B4/3_BAND4patch_20_sub_patch_15_bl_blur_level3_urban.bmp,Simulated/Multispectral/blur/B4/2_BAND4patch_39_sub_patch_1.bmp,0,0
Real/Multispectral/noise/B4/2_BAND4patch_40_sub_patch_11_ns_noise_level2_urban.bmp,Real/Multispectral/blur/B4/3_BAND4patch_29_sub_patch_14_bl_msc_blur_level3_urban.bmp,1,1
Real/Multispectral/misc/B4/2_BAND4patch_57_sub_patch_12_scene2_bz.bmp,Real/Multispectral/misc/B4/1_BAND4patch_39_sub_patch_12_scene2_msc.bmp,0,0
Simulated/Multispectral/haze/B4/2_Atlanta_nadir10_img_392_326_cl.bmp,Real/Multispectral/misc/B4/1_BAND4patch_52_sub_patch_0_st_ns_stripes_level1_urban.bmp,0,0
Real/Multispectral/noise/B4/1_BAND4patch_19_sub_patch_1_scene2_ns.bmp,Simulated/Multispectral/pogan/B4/2_BAND4patch_18_sub_patch_12_scene3_cl.bmp,0,0
Simulated/Multispectral/blur/B4/1_BAND4patch_10_sub_patch_11_scene3_cl.bmp,Simulated/Multispectral/haze/B4/1_Shanghai_img_1234_263_cl.bmp,1,1
Simulated/Multispectral/blur/B4/2_Atlanta_nadir10_img_161_70_cl.bmp,Simulated/Multispectral/haze/B4/1_BAND4patch_12_sub_patch_8_scene3_cl.bmp,0,0
Real/Multispectral/noise/B4/2_BAND4patch_40_sub_patch_11_ns_noise_level2_urban.bmp,Simulated/Multispectral/haze/B4/3_Vegas_img_5111_4571cl_b1_check.bmp,1,1
Simulated/Multispectral/blur/B4/2_BAND4patch_39_sub_patch_1.bmp,Real/Multispectral/misc/B4/1_BAND4patch_13_sub_patch_6_cl_st_saturated_level1_urban.bmp,1,1
Real/Multispectral/blur/B4/2_BAND4patch_38_sub_patch_2_bl_blur_level2_urban.bmp,Real/Multispectral/stripes/B4/1_BAND4patch_52_sub_patch_10_scene3_st.bmp,0,0
Real/Multispectral/blur/B4/3_BAND4patch_29_sub_patch_14_bl_msc_blur_level3_urban.bmp,Simulated/Multispectral/blur/B4/1_Vegas_img_178_868cl_b1_check.bmp,1,1
