image1,image2,labels_5,labels_7
Real/PAN/blur/3_BANDpatch_423_1_bl_urban_subpatch_1.bmp,Simulated/PAN/haze/2_Shanghai_img_PAN_6843_subpatch_1.bmp,1,1
Real/PAN/haze/2_BANDpatch_208_3_hz_urban_subpatch_3.bmp,Simulated/PAN/haze/3_BANDpatch_421_cl_urban_subpatch_1.bmp,1,1
Simulated/PAN/pogan/3_Khartoum_img_PAN_2777_subpatch_3.bmp,Real/PAN/noise/1_BANDpatch_906_ns_L1_urban_sub_patch_2.bmp,0,0
Simulated/PAN/blur/3_BANDpatch_497_cl_urban_subpatch_4.bmp,Real/PAN/misc/2_BANDpatch_879_bz_L2_urban_sub_patch_2.bmp,0,1
Real/PAN/blur/3_BANDpatch_435_1_hz_bl_urban_subpatch_3.bmp,Real/PAN/blur/1_BANDpatch_213_2_bl_hz_np_urban_subpatch_3.bmp,0,0
Real/PAN/misc/3_BANDpatch_1250_bz_L2_urban_sub_patch_1.bmp,Real/PAN/misc/2_BANDpatch_879_bz_L2_urban_sub_patch_2.bmp,1,1
Real/PAN/noise/1_BANDpatch_906_ns_L1_urban_sub_patch_2.bmp,Simulated/PAN/stripes/3_Vegas_img_PAN_1291_subpatch_4.bmp,1,1
Real/PAN/haze/2_BANDpatch_1361_hz_L2_urban_sub_patch_3.bmp,Real/PAN/misc/1_BANDpatch_733_bz_L1_urban_sub_patch_4.bmp,1,1
Simulated/PAN/blur/3_Vegas_img_PAN_361_subpatch_1.bmp,Real/PAN/blur/3_BANDpatch_507_2_bl_urba_subpatch_2.bmp,0,0
Simulated/PAN/impulse/2_Khartoum_img_PAN_2745_subpatch_3.bmp,Real/PAN/blur/1_BANDpatch_124_2_bl_urban_subpatch_3.bmp,1,1
Simulated/PAN/stripes/1_Khartoum_img_PAN_1673_subpatch_4.bmp,Real/PAN/misc/2_BANDpatch_990_bz_L1_ns_L2_urban_sub_patch_2.bmp,0,0
Real/PAN/noise/1_BANDpatch_1037_ns_L1_urban_sub_patch_2.bmp,Real/PAN/misc/3_BANDpatch_1250_bz_L2_urban_sub_patch_1.bmp,0,0
Real/PAN/noise/1_BANDpatch_1037_ns_L1_urban_sub_patch_3.bmp,Simulated/PAN/pogan/1_Vegas_img_PAN_38_subpatch_4.bmp,1,1
Simulated/PAN/pogan/3_BANDpatch_456_cl_urban_subpatch_1.bmp,Real/PAN/blur/1_BANDpatch_213_2_bl_hz_np_urban_subpatch_3.bmp,1,1
Real/PAN/haze/1_BANDpatch_392_2_st_3_sa_urban_subpatch_2.bmp,Simulated/PAN/haze/3_BANDpatch_487_cl_urban_subpatch_4.bmp,0,1
Simulated/PAN/blur/2_BANDpatch_321_cl_desert_subpatch_2.bmp,Simulated/PAN/haze/1_Vegas_img_PAN_3150_subpatch_2.bmp,1,1
Simulated/PAN/pogan/2_Shanghai_img_PAN_3209_subpatch_4.bmp,Real/PAN/misc/1_BANDpatch_1243_bz_L1_msc_L0_urban_sub_patch_4.bmp,0,0
Real/PAN/blur/2_BANDpatch_397_2_hz_bl_urban_subpatch_1.bmp,Real/PAN/clean/0_Vegas_img_PAN_2550_subpatch_2.bmp,1,1
Simulated/PAN/blur/3_BANDpatch_497_cl_urban_subpatch_4.bmp,Simulated/PAN/stripes/1_Vegas_img_PAN_3150_subpatch_3.bmp,1,1
Real/PAN/blur/1_BANDpatch_867_bl_L1_urban_sub_patch_2.bmp,Real/PAN/clean/0_Khartoum_img_PAN_2745_subpatch_2.bmp,1,1
Simulated/PAN/stripes/3_BANDpatch_377_cl_urban_subpatch_1.bmp,Real/PAN/misc/1_BANDpatch_880_bz_L1_urban_sub_patch_4.bmp,0,0
Simulated/PAN/pogan/2_Shanghai_img_PAN_3209_subpatch_4.bmp,Real/PAN/haze/1_BANDpatch_392_2_st_3_sa_urban_subpatch_2.bmp,0,0
Simulated/PAN/impulse/2_Khartoum_img_PAN_2745_subpatch_3.bmp,Real/PAN/blur/3_BANDpatch_507_2_bl_urba_subpatch_2.bmp,0,0
Real/PAN/haze/1_BANDpatch_744_hz_L1_urban_sub_patch_4.bmp,Simulated/PAN/haze/3_BANDpatch_487_cl_urban_subpatch_4.bmp,0,1
Simulated/PAN/pogan/3_BANDpatch_456_cl_urban_subpatch_1.bmp,Simulated/PAN/haze/3_Vegas_img_PAN_2105_subpatch_4.bmp,1,1
Real/PAN/haze/2_BANDpatch_208_3_hz_urban_subpatch_3.bmp,Real/PAN/haze/1_BANDpatch_744_hz_L1_urban_sub_patch_4.bmp,0,0
Simulated/PAN/pogan/3_BANDpatch_384_cl_urban_subpatch_3.bmp,Real/PAN/noise/1_BANDpatch_727_bz_L1_ns_L1_urban_sub_patch_4.bmp,0,0
Real/PAN/blur/2_BANDpatch_207_1_bl_hz_urban_subpatch_4.bmp,Real/PAN/blur/3_BANDpatch_391_2_hz_bl_urban_subpatch_2.bmp,0,0
Simulated/PAN/haze/2_BANDpatch_385_cl_urban_subpatch_1.bmp,Real/PAN/clean/0_Khartoum_img_PAN_980_subpatch_4.bmp,1,1
Simulated/PAN/impulse/3_Khartoum_img_PAN_4326_subpatch_2.bmp,Simulated/PAN/haze/3_Khartoum_img_PAN_2142_subpatch_4.bmp,1,1
Real/PAN/noise/1_BANDpatch_906_ns_L1_urban_sub_patch_2.bmp,Simulated/PAN/pogan/2_Shanghai_img_PAN_5697_subpatch_2.bmp,1,1
Real/PAN/haze/1_BANDpatch_772_hz_L1_urban_sub_patch_2.bmp,Real/PAN/haze/1_BANDpatch_392_2_st_3_sa_urban_subpatch_2.bmp,0,0
Simulated/PAN/haze/3_Vegas_img_PAN_2105_subpatch_4.bmp,Real/PAN/misc/2_BANDpatch_882_bz_L2_urban_sub_patch_1.bmp,0,0
Real/PAN/blur/1_BANDpatch_213_2_bl_hz_np_urban_subpatch_3.bmp,Simulated/PAN/stripes/3_Shanghai_img_PAN_417_subpatch_2.bmp,1,1
Real/PAN/blur/1_BANDpatch_765_bl_L1_urban_sub_patch_1.bmp,Simulated/PAN/haze/3_Khartoum_img_PAN_584_subpatch_1.bmp,1,1
Real/PAN/haze/1_BANDpatch_856_hz_L1_ns_L1_urban_sub_patch_2.bmp,Real/PAN/haze/3_BANDpatch_228_3_hz_ni_vegetation_subpatch_2.bmp,0,0
Real/PAN/haze/2_BANDpatch_208_3_hz_urban_subpatch_3.bmp,Simulated/PAN/haze/2_Shanghai_img_PAN_6843_subpatch_1.bmp,1,1
Simulated/PAN/pogan/3_Shanghai_img_PAN_6843_subpatch_1.bmp,Simulated/PAN/haze/2_Shanghai_img_PAN_3574_subpatch_2.bmp,1,1
Real/PAN/blur/3_BANDpatch_544_1_bl_hz_urban_subpatch_3.bmp,Simulated/PAN/blur/1_Shanghai_img_PAN_2864_subpatch_2.bmp,1,1
Real/PAN/haze/2_BANDpatch_1361_hz_L2_urban_sub_patch_3.bmp,Real/PAN/haze/2_BANDpatch_208_3_hz_urban_subpatch_3.bmp,1,1
Simulated/PAN/blur/1_Vegas_img_PAN_3110_subpatch_3.bmp,Simulated/PAN/haze/3_Khartoum_img_PAN_2142_subpatch_4.bmp,1,1
Simulated/PAN/impulse/1_Khartoum_img_PAN_1029_subpatch_1.bmp,Simulated/PAN/blur/2_BANDpatch_321_cl_desert_subpatch_2.bmp,0,0
Simulated/PAN/haze/1_Shanghai_img_PAN_2024_subpatch_1.bmp,Real/PAN/clean/0_Vegas_img_PAN_2550_subpatch_2.bmp,1,1
Real/PAN/haze/3_BANDpatch_228_3_hz_ni_vegetation_subpatch_2.bmp,Real/PAN/haze/1_BANDpatch_856_hz_L1_ns_L1_urban_sub_patch_2.bmp,1,1
Simulated/PAN/stripes/3_Vegas_img_PAN_1981_subpatch_1.bmp,Simulated/PAN/haze/2_BANDpatch_385_cl_urban_subpatch_1.bmp,0,0
Real/PAN/misc/2_BANDpatch_853_ns_L2_urban_sub_patch_2.bmp,Simulated/PAN/impulse/2_Khartoum_img_PAN_2745_subpatch_3.bmp,1,1
Simulated/PAN/pogan/1_BANDpatch_531_cl_urban_subpatch_1.bmp,Simulated/PAN/haze/2_Vegas_img_PAN_1149_subpatch_4.bmp,1,1
Real/PAN/haze/2_BANDpatch_1361_hz_L2_urban_sub_patch_3.bmp,Simulated/PAN/haze/3_Khartoum_img_PAN_914_subpatch_3.bmp,1,1
Simulated/PAN/blur/1_Vegas_img_PAN_4895_subpatch_3.bmp,Real/PAN/blur/3_BANDpatch_544_1_bl_hz_urban_subpatch_3.bmp,0,0
Simulated/PAN/haze/3_BANDpatch_313_cl_urban_subpatch_1.bmp,Real/PAN/haze/1_BANDpatch_392_2_st_3_sa_urban_subpatch_2.bmp,1,0
Real/PAN/blur/2_BANDpatch_397_2_hz_bl_urban_subpatch_1.bmp,Simulated/PAN/blur/1_Vegas_img_PAN_4895_subpatch_3.bmp,1,1
Simulated/PAN/blur/3_Vegas_img_PAN_2550_subpatch_3.bmp,Real/PAN/misc/2_BANDpatch_500_2_sa_hz_bl_urban_subpatch_3.bmp,0,0
Simulated/PAN/blur/3_Khartoum_img_PAN_4676_subpatch_4.bmp,Simulated/PAN/haze/3_Vegas_img_PAN_2105_subpatch_4.bmp,1,1
Simulated/PAN/haze/3_Vegas_img_PAN_1572_subpatch_4.bmp,Real/PAN/haze/1_BANDpatch_744_hz_L1_urban_sub_patch_4.bmp,0,0
Real/PAN/blur/2_BANDpatch_397_2_hz_bl_urban_subpatch_1.bmp,Real/PAN/clean/0_Vegas_img_PAN_4896_subpatch_4.bmp,1,1
Simulated/PAN/blur/3_Vegas_img_PAN_361_subpatch_1.bmp,Simulated/PAN/haze/2_Shanghai_img_PAN_4805_subpatch_1.bmp,1,1
Simulated/PAN/pogan/2_Khartoum_img_PAN_2777_subpatch_2.bmp,Simulated/PAN/stripes/3_BANDpatch_377_cl_urban_subpatch_1.bmp,0,0
Simulated/PAN/pogan/3_Khartoum_img_PAN_4326_subpatch_1.bmp,Real/PAN/misc/2_BANDpatch_906_ns_L2_urban_sub_patch_1.bmp,0,0
Simulated/PAN/blur/3_BANDpatch_532_cl_urban_subpatch_1.bmp,Real/PAN/misc/2_BANDpatch_1137_bz_L2_urban_sub_patch_3.bmp,0,0
Real/PAN/haze/2_BANDpatch_208_3_hz_urban_subpatch_3.bmp,Simulated/PAN/haze/3_BANDpatch_313_cl_urban_subpatch_1.bmp,1,1
Simulated/PAN/impulse/2_Vegas_img_PAN_4895_subpatch_3.bmp,Real/PAN/blur/1_BANDpatch_867_bl_L1_urban_sub_patch_2.bmp,0,0
Simulated/PAN/stripes/1_Shanghai_img_PAN_3209_subpatch_4.bmp,Real/PAN/clean/0_Vegas_img_PAN_5_subpatch_4.bmp,1,1
Real/PAN/blur/3_BANDpatch_435_1_hz_bl_urban_subpatch_3.bmp,Simulated/PAN/stripes/3_Shanghai_img_PAN_6662_subpatch_2.bmp,1,1
Simulated/PAN/impulse/2_Shanghai_img_PAN_2947_subpatch_4.bmp,Real/PAN/noise/2_BANDpatch_672_2_hz_np_urban_subpatch_1.bmp,0,0
Real/PAN/noise/1_BANDpatch_588_2_hz_ni_urban_subpatch_3.bmp,Simulated/PAN/haze/2_BANDpatch_385_cl_urban_subpatch_1.bmp,1,1
Simulated/PAN/blur/3_Vegas_img_PAN_361_subpatch_1.bmp,Real/PAN/haze/1_BANDpatch_772_hz_L1_urban_sub_patch_2.bmp,0,0
Real/PAN/blur/2_BANDpatch_397_2_hz_bl_urban_subpatch_1.bmp,Real/PAN/clean/0_Shanghai_img_PAN_6633_subpatch_2.bmp,1,1
Simulated/PAN/blur/1_BANDpatch_321_cl_desert_subpatch_4.bmp,Real/PAN/haze/1_BANDpatch_744_hz_L1_urban_sub_patch_4.bmp,1,0
Real/PAN/noise/1_BANDpatch_588_2_hz_ni_urban_subpatch_3.bmp,Real/PAN/blur/3_BANDpatch_435_1_hz_bl_urban_subpatch_3.bmp,1,1
Real/PAN/haze/3_BANDpatch_228_3_hz_ni_vegetation_subpatch_2.bmp,Simulated/PAN/haze/1_Shanghai_img_PAN_6633_subpatch_2.bmp,1,1
Simulated/PAN/stripes/2_BANDpatch_376_cl_urban_subpatch_3.bmp,Simulated/PAN/haze/3_Khartoum_img_PAN_3265_subpatch_1.bmp,1,1
Simulated/PAN/blur/2_BANDpatch_421_cl_urban_subpatch_3.bmp,Real/PAN/misc/2_BANDpatch_301_2_np_hz_ni_urban_vegetation_subpatch_3.bmp,0,0
Simulated/PAN/impulse/2_BANDpatch_360_cl_urban_subpatch_2.bmp,Simulated/PAN/stripes/1_Khartoum_img_PAN_1673_subpatch_4.bmp,1,1
Real/PAN/blur/3_BANDpatch_391_2_hz_bl_urban_subpatch_2.bmp,Real/PAN/misc/1_BANDpatch_1210_bz_L1_urban_sub_patch_4.bmp,1,1
Real/PAN/noise/1_BANDpatch_626_2_hz_ni_urban_subpatch_2.bmp,Simulated/PAN/pogan/3_BANDpatch_384_cl_urban_subpatch_3.bmp,1,1
Real/PAN/haze/1_BANDpatch_1231_hz_L1_urban_sub_patch_1.bmp,Real/PAN/misc/3_BANDpatch_1250_bz_L2_urban_sub_patch_1.bmp,0,0
Real/PAN/haze/3_BANDpatch_243_3_hz_urban_subpatch_4.bmp,Real/PAN/haze/3_BANDpatch_228_3_hz_ni_vegetation_subpatch_2.bmp,0,0
Simulated/PAN/blur/2_Khartoum_img_PAN_2745_subpatch_1.bmp,Real/PAN/blur/3_BANDpatch_423_1_bl_urban_subpatch_1.bmp,0,0
Real/PAN/blur/3_BANDpatch_391_2_hz_bl_urban_subpatch_2.bmp,Simulated/PAN/blur/3_BANDpatch_531_cl_urban_subpatch_4.bmp,1,1
Simulated/PAN/pogan/3_Shanghai_img_PAN_6843_subpatch_1.bmp,Real/PAN/noise/1_BANDpatch_820_ns_L1_urban_sub_patch_3.bmp,1,1
Real/PAN/blur/1_BANDpatch_1095_bl_L1_urban_sub_patch_1.bmp,Real/PAN/misc/3_BANDpatch_1250_bz_L2_urban_sub_patch_1.bmp,0,0
Simulated/PAN/blur/2_BANDpatch_421_cl_urban_subpatch_3.bmp,Real/PAN/misc/2_BANDpatch_734_bz_L1_sa_L2_urban_sub_patch_3.bmp,0,0
Real/PAN/blur/3_BANDpatch_544_1_bl_hz_urban_subpatch_3.bmp,Real/PAN/clean/0_Vegas_img_PAN_4896_subpatch_4.bmp,1,1
Real/PAN/haze/2_BANDpatch_1362_hz_L2_bz_L1_urban_sub_patch_3.bmp,Real/PAN/haze/1_BANDpatch_392_2_st_3_sa_urban_subpatch_2.bmp,0,0
Real/PAN/blur/2_BANDpatch_1164_bl_L2_urban_sub_patch_2.bmp,Simulated/PAN/haze/1_Shanghai_img_PAN_2024_subpatch_1.bmp,1,1
Real/PAN/blur/3_BANDpatch_391_2_hz_bl_urban_subpatch_2.bmp,Real/PAN/blur/2_BANDpatch_759_bz_L1_bl_L2_ns_L1_msc_L0_sa_L1_urban_sub_patch_2.bmp,0,0
Simulated/PAN/blur/3_BANDpatch_497_cl_urban_subpatch_4.bmp,Real/PAN/blur/3_BANDpatch_435_1_hz_bl_urban_subpatch_3.bmp,1,1
Simulated/PAN/blur/1_Vegas_img_PAN_1291_subpatch_2.bmp,Simulated/PAN/haze/3_Khartoum_img_PAN_1029_subpatch_4.bmp,1,1
Simulated/PAN/pogan/2_Shanghai_img_PAN_5697_subpatch_2.bmp,Real/PAN/haze/1_BANDpatch_1231_hz_L1_urban_sub_patch_1.bmp,0,0
Real/PAN/blur/3_BANDpatch_423_1_bl_urban_subpatch_1.bmp,Simulated/PAN/haze/3_BANDpatch_487_cl_urban_subpatch_4.bmp,1,0
Simulated/PAN/stripes/1_BANDpatch_1057_cl_L0_urban_sub_patch_4.bmp,Simulated/PAN/haze/3_BANDpatch_313_cl_urban_subpatch_1.bmp,0,0
Real/PAN/noise/2_BANDpatch_768_ns_L2_urban_sub_patch_3.bmp,Real/PAN/misc/2_BANDpatch_853_ns_L2_urban_sub_patch_4.bmp,0,0
Simulated/PAN/pogan/2_Vegas_img_PAN_1981_subpatch_3.bmp,Real/PAN/misc/2_BANDpatch_966_ns_L2_urban_sub_patch_4.bmp,0,0
Real/PAN/haze/3_BANDpatch_243_3_hz_urban_subpatch_4.bmp,Simulated/PAN/haze/1_Shanghai_img_PAN_2024_subpatch_1.bmp,1,1
Simulated/PAN/stripes/1_Shanghai_img_PAN_3209_subpatch_4.bmp,Real/PAN/clean/0_Khartoum_img_PAN_980_subpatch_4.bmp,1,1
Real/PAN/noise/1_BANDpatch_820_ns_L1_urban_sub_patch_3.bmp,Simulated/PAN/blur/1_Shanghai_img_PAN_2864_subpatch_2.bmp,1,1
Simulated/PAN/pogan/3_Khartoum_img_PAN_4326_subpatch_1.bmp,Simulated/PAN/haze/3_BANDpatch_421_cl_urban_subpatch_1.bmp,0,0
Simulated/PAN/pogan/1_Shanghai_img_PAN_5403_subpatch_2.bmp,Real/PAN/clean/0_Vegas_img_PAN_4896_subpatch_3.bmp,1,1
Real/PAN/misc/3_BANDpatch_1250_bz_L2_urban_sub_patch_1.bmp,Real/PAN/clean/0_Vegas_img_PAN_2550_subpatch_2.bmp,1,1
Real/PAN/haze/2_BANDpatch_208_3_hz_urban_subpatch_3.bmp,Real/PAN/misc/1_BANDpatch_1026_bz_L1_urban_sub_patch_2.bmp,0,0
Real/PAN/haze/2_BANDpatch_1361_hz_L2_urban_sub_patch_3.bmp,Simulated/PAN/haze/2_Shanghai_img_PAN_6843_subpatch_1.bmp,1,1
Real/PAN/haze/3_BANDpatch_243_3_hz_urban_subpatch_4.bmp,Real/PAN/haze/1_BANDpatch_744_hz_L1_urban_sub_patch_4.bmp,1,1
Simulated/PAN/impulse/3_Khartoum_img_PAN_4326_subpatch_2.bmp,Real/PAN/blur/2_BANDpatch_89_1_hz_bl_ni_st_vegetation_subpatch_1.bmp,0,0
Real/PAN/misc/2_BANDpatch_1037_ns_L2_urban_sub_patch_1.bmp,Real/PAN/haze/1_BANDpatch_744_hz_L1_urban_sub_patch_4.bmp,1,1
Simulated/PAN/blur/3_BANDpatch_497_cl_urban_subpatch_4.bmp,Real/PAN/haze/1_BANDpatch_1231_hz_L1_urban_sub_patch_1.bmp,1,1
Real/PAN/blur/1_BANDpatch_345_1_bl_urban_subpatch_3.bmp,Real/PAN/blur/3_BANDpatch_544_1_bl_hz_urban_subpatch_3.bmp,1,1
Real/PAN/noise/1_BANDpatch_727_bz_L1_ns_L1_urban_sub_patch_4.bmp,Simulated/PAN/pogan/2_Vegas_img_PAN_1981_subpatch_3.bmp,1,1
Real/PAN/noise/1_BANDpatch_474_1_bz_ni_np_urban_subpatch_3.bmp,Real/PAN/clean/0_Vegas_img_PAN_4896_subpatch_3.bmp,1,1
Simulated/PAN/pogan/3_Shanghai_img_PAN_6843_subpatch_1.bmp,Real/PAN/misc/2_BANDpatch_853_ns_L2_urban_sub_patch_2.bmp,0,0
Simulated/PAN/haze/3_BANDpatch_313_cl_urban_subpatch_1.bmp,Real/PAN/misc/2_BANDpatch_1397_hz_L3_bz_L2_urban_sub_patch_2.bmp,0,0
Real/PAN/noise/1_BANDpatch_626_2_hz_ni_urban_subpatch_2.bmp,Simulated/PAN/pogan/3_Khartoum_img_PAN_2777_subpatch_3.bmp,1,1
Simulated/PAN/stripes/3_Shanghai_img_PAN_6662_subpatch_2.bmp,Simulated/PAN/haze/1_Shanghai_img_PAN_5123_subpatch_2.bmp,1,1
Simulated/PAN/impulse/3_Khartoum_img_PAN_4326_subpatch_2.bmp,Real/PAN/noise/1_BANDpatch_585_2_ni_bl_urban_subpatch_2.bmp,0,0
Simulated/PAN/pogan/1_Vegas_img_PAN_3567_subpatch_3.bmp,Simulated/PAN/haze/2_Shanghai_img_PAN_4805_subpatch_1.bmp,1,1
Real/PAN/haze/2_BANDpatch_208_3_hz_urban_subpatch_3.bmp,Simulated/PAN/haze/3_Khartoum_img_PAN_2142_subpatch_4.bmp,1,1
Real/PAN/haze/1_BANDpatch_834_hz_L1_bl_L1_urban_sub_patch_1.bmp,Simulated/PAN/haze/3_BANDpatch_487_cl_urban_subpatch_4.bmp,1,1
Simulated/PAN/pogan/1_BANDpatch_531_cl_urban_subpatch_1.bmp,Real/PAN/blur/3_BANDpatch_391_2_hz_bl_urban_subpatch_2.bmp,0,0
Simulated/PAN/blur/1_Vegas_img_PAN_3110_subpatch_2.bmp,Real/PAN/blur/1_BANDpatch_867_bl_L1_urban_sub_patch_2.bmp,0,0
Simulated/PAN/blur/2_Shanghai_img_PAN_2204_subpatch_1.bmp,Real/PAN/misc/2_BANDpatch_843_ns_L2_urban_sub_patch_4.bmp,0,0
Simulated/PAN/impulse/2_Vegas_img_PAN_4895_subpatch_3.bmp,Simulated/PAN/haze/3_BANDpatch_487_cl_urban_subpatch_4.bmp,0,0
Simulated/PAN/pogan/1_Khartoum_img_PAN_129_subpatch_1.bmp,Simulated/PAN/stripes/2_Vegas_img_PAN_1149_subpatch_2.bmp,1,1
Simulated/PAN/pogan/3_Khartoum_img_PAN_3697_subpatch_2.bmp,Real/PAN/noise/1_BANDpatch_727_bz_L1_ns_L1_urban_sub_patch_4.bmp,1,1
Simulated/PAN/impulse/1_Khartoum_img_PAN_1930_subpatch_1.bmp,Real/PAN/clean/0_Vegas_img_PAN_4896_subpatch_3.bmp,1,1
Real/PAN/blur/1_BANDpatch_213_2_bl_hz_np_urban_subpatch_3.bmp,Real/PAN/clean/0_Shanghai_img_PAN_6644_subpatch_2.bmp,1,1
Real/PAN/noise/1_BANDpatch_585_2_ni_bl_urban_subpatch_2.bmp,Simulated/PAN/pogan/3_BANDpatch_384_cl_urban_subpatch_3.bmp,1,1
Simulated/PAN/stripes/3_Vegas_img_PAN_1291_subpatch_4.bmp,Real/PAN/haze/2_BANDpatch_1362_hz_L2_bz_L1_urban_sub_patch_3.bmp,0,0
Real/PAN/blur/2_BANDpatch_89_1_hz_bl_ni_st_vegetation_subpatch_1.bmp,Simulated/PAN/haze/3_Khartoum_img_PAN_584_subpatch_1.bmp,1,1
Real/PAN/blur/2_BANDpatch_207_1_bl_hz_urban_subpatch_4.bmp,Simulated/PAN/stripes/3_BANDpatch_376_cl_urban_subpatch_2.bmp,0,0
Simulated/PAN/stripes/2_BANDpatch_487_cl_urban_subpatch_1.bmp,Real/PAN/misc/1_BANDpatch_736_sa_L2_hz_L1_bz_L1_urban_sub_patch_1.bmp,0,0
Real/PAN/misc/3_BANDpatch_1250_bz_L3_urban_sub_patch_3.bmp,Real/PAN/misc/2_BANDpatch_1397_hz_L3_bz_L2_urban_sub_patch_2.bmp,1,1
Real/PAN/haze/3_BANDpatch_228_3_hz_ni_vegetation_subpatch_2.bmp,Real/PAN/misc/2_BANDpatch_1163_sa_L2_urban_sub_patch_4.bmp,1,1
Real/PAN/blur/2_BANDpatch_89_1_hz_bl_ni_st_vegetation_subpatch_1.bmp,Real/PAN/blur/3_BANDpatch_507_2_bl_urba_subpatch_2.bmp,1,1
Real/PAN/haze/1_BANDpatch_856_hz_L1_ns_L1_urban_sub_patch_2.bmp,Real/PAN/misc/3_BANDpatch_1250_bz_L3_urban_sub_patch_3.bmp,0,0
Real/PAN/haze/1_BANDpatch_772_hz_L1_urban_sub_patch_2.bmp,Simulated/PAN/haze/2_Vegas_img_PAN_1149_subpatch_4.bmp,1,1
Simulated/PAN/blur/1_BANDpatch_321_cl_desert_subpatch_4.bmp,Simulated/PAN/stripes/3_BANDpatch_1157_cl_L0_urban_sub_patch_1.bmp,1,1
Real/PAN/haze/3_BANDpatch_228_3_hz_ni_vegetation_subpatch_2.bmp,Simulated/PAN/haze/3_Khartoum_img_PAN_2142_subpatch_4.bmp,1,1
Simulated/PAN/stripes/3_Vegas_img_PAN_1291_subpatch_4.bmp,Simulated/PAN/haze/2_Shanghai_img_PAN_6843_subpatch_1.bmp,0,0
Real/PAN/blur/1_BANDpatch_345_1_bl_urban_subpatch_3.bmp,Simulated/PAN/blur/3_Vegas_img_PAN_2550_subpatch_3.bmp,1,1
Simulated/PAN/pogan/1_BANDpatch_531_cl_urban_subpatch_1.bmp,Simulated/PAN/haze/3_BANDpatch_421_cl_urban_subpatch_1.bmp,1,1
Real/PAN/blur/2_BANDpatch_1170_bl_L2_urban_sub_patch_1.bmp,Simulated/PAN/blur/3_Vegas_img_PAN_361_subpatch_1.bmp,1,1
Simulated/PAN/pogan/3_Shanghai_img_PAN_6843_subpatch_1.bmp,Real/PAN/blur/1_BANDpatch_213_2_bl_hz_np_urban_subpatch_3.bmp,1,1
Simulated/PAN/stripes/3_BANDpatch_1157_cl_L0_urban_sub_patch_1.bmp,Real/PAN/misc/1_BANDpatch_1243_bz_L1_msc_L0_urban_sub_patch_4.bmp,0,0
Real/PAN/noise/2_BANDpatch_768_ns_L2_urban_sub_patch_3.bmp,Simulated/PAN/stripes/3_BANDpatch_1157_cl_L0_urban_sub_patch_1.bmp,1,1
Simulated/PAN/pogan/2_Khartoum_img_PAN_2777_subpatch_2.bmp,Real/PAN/noise/1_BANDpatch_769_bz_L2_ns_L1_urban_sub_patch_2.bmp,0,0
Simulated/PAN/stripes/2_BANDpatch_376_cl_urban_subpatch_3.bmp,Real/PAN/haze/2_BANDpatch_1362_hz_L2_bz_L1_urban_sub_patch_3.bmp,0,0
Simulated/PAN/haze/3_BANDpatch_487_cl_urban_subpatch_4.bmp,Real/PAN/haze/1_BANDpatch_834_hz_L1_bl_L1_urban_sub_patch_1.bmp,1,0
Real/PAN/blur/1_BANDpatch_799_bl_L1_urban_sub_patch_1.bmp,Real/PAN/clean/0_Shanghai_img_PAN_4168_subpatch_4.bmp,1,1
Simulated/PAN/stripes/2_BANDpatch_246_cl_desert_subpatch_4.bmp,Real/PAN/misc/3_BANDpatch_1250_bz_L2_urban_sub_patch_1.bmp,0,0
Real/PAN/noise/1_BANDpatch_717_1_ni_hz_urban__subpatch_3.bmp,Simulated/PAN/pogan/3_Khartoum_img_PAN_3697_subpatch_2.bmp,0,0
Real/PAN/haze/1_BANDpatch_772_hz_L1_urban_sub_patch_2.bmp,Real/PAN/clean/0_Vegas_img_PAN_677_subpatch_3.bmp,1,1
Real/PAN/blur/1_BANDpatch_1095_bl_L1_urban_sub_patch_1.bmp,Simulated/PAN/blur/1_Shanghai_img_PAN_3238_subpatch_1.bmp,1,1
Simulated/PAN/pogan/2_Vegas_img_PAN_4896_subpatch_2.bmp,Real/PAN/haze/1_BANDpatch_856_hz_L1_ns_L1_urban_sub_patch_2.bmp,0,0
Simulated/PAN/impulse/2_Shanghai_img_PAN_2947_subpatch_4.bmp,Real/PAN/misc/2_BANDpatch_990_bz_L1_ns_L2_urban_sub_patch_4.bmp,0,0
Real/PAN/blur/2_BANDpatch_1170_bl_L2_urban_sub_patch_1.bmp,Simulated/PAN/haze/3_Khartoum_img_PAN_914_subpatch_3.bmp,1,1
Real/PAN/haze/1_BANDpatch_392_2_st_3_sa_urban_subpatch_2.bmp,Real/PAN/haze/3_BANDpatch_243_3_hz_urban_subpatch_4.bmp,1,1
Simulated/PAN/blur/1_Vegas_img_PAN_3110_subpatch_2.bmp,Real/PAN/clean/0_Vegas_img_PAN_1523_subpatch_4.bmp,0,1
Simulated/PAN/blur/1_Vegas_img_PAN_1291_subpatch_2.bmp,Real/PAN/blur/2_BANDpatch_1164_bl_L2_urban_sub_patch_2.bmp,0,0
Real/PAN/blur/2_BANDpatch_1164_bl_L2_urban_sub_patch_2.bmp,Real/PAN/blur/3_BANDpatch_423_1_bl_urban_subpatch_1.bmp,1,1
Simulated/PAN/blur/2_Khartoum_img_PAN_2745_subpatch_1.bmp,Real/PAN/misc/1_BANDpatch_733_bz_L1_urban_sub_patch_4.bmp,0,0
Real/PAN/blur/3_BANDpatch_435_1_hz_bl_urban_subpatch_3.bmp,Real/PAN/clean/0_Khartoum_img_PAN_2745_subpatch_2.bmp,1,1
Simulated/PAN/haze/3_Vegas_img_PAN_2105_subpatch_4.bmp,Real/PAN/misc/1_BANDpatch_1104_bz_L1_urban_sub_patch_3.bmp,0,0
Real/PAN/haze/3_BANDpatch_228_3_hz_ni_vegetation_subpatch_2.bmp,Real/PAN/misc/3_BANDpatch_1250_bz_L2_urban_sub_patch_1.bmp,0,0
Simulated/PAN/haze/2_Shanghai_img_PAN_6843_subpatch_1.bmp,Real/PAN/haze/3_BANDpatch_228_3_hz_ni_vegetation_subpatch_2.bmp,0,0
Simulated/PAN/haze/1_Shanghai_img_PAN_2024_subpatch_1.bmp,Real/PAN/clean/0_Vegas_img_PAN_5_subpatch_4.bmp,1,1
Simulated/PAN/haze/3_BANDpatch_313_cl_urban_subpatch_1.bmp,Real/PAN/misc/3_BANDpatch_1250_bz_L2_urban_sub_patch_1.bmp,0,0
Simulated/PAN/impulse/1_Shanghai_img_PAN_4748_subpatch_2.bmp,Simulated/PAN/blur/1_BANDpatch_321_cl_desert_subpatch_4.bmp,0,0
Real/PAN/blur/1_BANDpatch_124_2_bl_urban_subpatch_3.bmp,Simulated/PAN/blur/3_BANDpatch_497_cl_urban_subpatch_4.bmp,0,0
Simulated/PAN/blur/3_Vegas_img_PAN_361_subpatch_1.bmp,Simulated/PAN/stripes/2_BANDpatch_376_cl_urban_subpatch_3.bmp,0,0
Real/PAN/haze/3_BANDpatch_228_3_hz_ni_vegetation_subpatch_2.bmp,Real/PAN/haze/1_BANDpatch_392_2_st_3_sa_urban_subpatch_2.bmp,1,1
Real/PAN/blur/3_BANDpatch_544_1_bl_hz_urban_subpatch_3.bmp,Real/PAN/blur/2_BANDpatch_397_2_hz_bl_urban_subpatch_1.bmp,0,0
Simulated/PAN/pogan/2_Vegas_img_PAN_1981_subpatch_3.bmp,Real/PAN/noise/1_BANDpatch_588_2_hz_ni_urban_subpatch_3.bmp,0,0
Simulated/PAN/impulse/1_Shanghai_img_PAN_4748_subpatch_2.bmp,Real/PAN/misc/2_BANDpatch_990_bz_L1_ns_L2_urban_sub_patch_4.bmp,0,0
Simulated/PAN/pogan/1_Vegas_img_PAN_38_subpatch_4.bmp,Simulated/PAN/blur/3_Vegas_img_PAN_2550_subpatch_3.bmp,0,0
Real/PAN/haze/3_BANDpatch_243_3_hz_urban_subpatch_4.bmp,Simulated/PAN/haze/2_Vegas_img_PAN_1149_subpatch_4.bmp,1,1
Simulated/PAN/pogan/3_Khartoum_img_PAN_1215_subpatch_2.bmp,Real/PAN/blur/1_BANDpatch_1095_bl_L1_urban_sub_patch_1.bmp,0,0
Simulated/PAN/blur/1_Vegas_img_PAN_3110_subpatch_3.bmp,Real/PAN/haze/2_BANDpatch_1362_hz_L2_bz_L1_urban_sub_patch_3.bmp,0,0
Real/PAN/haze/1_BANDpatch_772_hz_L1_urban_sub_patch_2.bmp,Simulated/PAN/haze/3_Khartoum_img_PAN_1029_subpatch_4.bmp,1,1
Real/PAN/haze/1_BANDpatch_834_hz_L1_bl_L1_urban_sub_patch_1.bmp,Real/PAN/clean/0_Shanghai_img_PAN_296_subpatch_2.bmp,1,1
Simulated/PAN/stripes/3_Vegas_img_PAN_1981_subpatch_1.bmp,Real/PAN/clean/0_Khartoum_img_PAN_980_subpatch_4.bmp,1,1
Simulated/PAN/haze/3_BANDpatch_602_cl_urban_subpatch_2.bmp,Real/PAN/clean/0_Khartoum_img_PAN_4328_subpatch_3.bmp,1,1
Real/PAN/haze/2_BANDpatch_208_3_hz_urban_subpatch_3.bmp,Simulated/PAN/haze/1_Shanghai_img_PAN_4805_subpatch_3.bmp,1,1
Real/PAN/haze/3_BANDpatch_228_3_hz_ni_vegetation_subpatch_2.bmp,Real/PAN/haze/2_BANDpatch_1362_hz_L2_bz_L1_urban_sub_patch_3.bmp,1,0
Real/PAN/blur/1_BANDpatch_765_bl_L1_urban_sub_patch_1.bmp,Real/PAN/blur/3_BANDpatch_507_2_bl_urba_subpatch_2.bmp,0,0
Real/PAN/blur/2_BANDpatch_207_1_bl_hz_urban_subpatch_4.bmp,Simulated/PAN/blur/3_Vegas_img_PAN_361_subpatch_1.bmp,1,1
Simulated/PAN/blur/1_Vegas_img_PAN_4895_subpatch_3.bmp,Simulated/PAN/haze/2_Shanghai_img_PAN_6843_subpatch_1.bmp,0,0
Real/PAN/blur/3_BANDpatch_544_1_bl_hz_urban_subpatch_3.bmp,Real/PAN/blur/1_BANDpatch_350_1_hz_bl_urban_subpatch_2.bmp,1,1
Real/PAN/haze/2_BANDpatch_466_1_hz_urban_subpatch_1.bmp,Real/PAN/misc/2_BANDpatch_1137_bz_L2_urban_sub_patch_3.bmp,0,0
Real/PAN/haze/2_BANDpatch_1361_hz_L2_urban_sub_patch_3.bmp,Real/PAN/haze/1_BANDpatch_1231_hz_L1_urban_sub_patch_1.bmp,1,1
Real/PAN/blur/1_BANDpatch_349_1_bz_ni_bl_urban_subpatch_1.bmp,Simulated/PAN/haze/1_Shanghai_img_PAN_6633_subpatch_2.bmp,1,1
Real/PAN/haze/2_BANDpatch_1362_hz_L2_bz_L1_urban_sub_patch_3.bmp,Real/PAN/haze/2_BANDpatch_1361_hz_L2_urban_sub_patch_3.bmp,0,0
Simulated/PAN/stripes/3_Shanghai_img_PAN_6662_subpatch_2.bmp,Real/PAN/misc/2_BANDpatch_906_ns_L2_urban_sub_patch_1.bmp,0,0
Real/PAN/blur/1_BANDpatch_1095_bl_L1_urban_sub_patch_1.bmp,Simulated/PAN/blur/3_Vegas_img_PAN_361_subpatch_1.bmp,1,1
Simulated/PAN/impulse/1_Shanghai_img_PAN_4748_subpatch_2.bmp,Simulated/PAN/stripes/3_Shanghai_img_PAN_6662_subpatch_2.bmp,0,0
Simulated/PAN/pogan/3_Shanghai_img_PAN_4805_subpatch_2.bmp,Simulated/PAN/stripes/1_Shanghai_img_PAN_417_subpatch_1.bmp,1,1
Simulated/PAN/pogan/2_Khartoum_img_PAN_2777_subpatch_2.bmp,Real/PAN/blur/1_BANDpatch_799_bl_L1_urban_sub_patch_1.bmp,0,0
Simulated/PAN/impulse/2_BANDpatch_360_cl_urban_subpatch_2.bmp,Simulated/PAN/stripes/2_BANDpatch_376_cl_urban_subpatch_3.bmp,0,0
Real/PAN/blur/2_BANDpatch_397_2_hz_bl_urban_subpatch_1.bmp,Real/PAN/blur/1_BANDpatch_213_2_bl_hz_np_urban_subpatch_3.bmp,1,1
Simulated/PAN/stripes/3_BANDpatch_377_cl_urban_subpatch_1.bmp,Real/PAN/clean/0_Shanghai_img_PAN_6633_subpatch_2.bmp,1,1
Real/PAN/misc/2_BANDpatch_1066_bz_L2_urban_sub_patch_1.bmp,Real/PAN/misc/3_BANDpatch_1250_bz_L3_urban_sub_patch_3.bmp,0,0
Real/PAN/noise/1_BANDpatch_1037_ns_L1_urban_sub_patch_3.bmp,Real/PAN/noise/1_BANDpatch_585_2_ni_bl_urban_subpatch_2.bmp,1,1
Simulated/PAN/pogan/2_Shanghai_img_PAN_3209_subpatch_4.bmp,Real/PAN/blur/3_BANDpatch_507_2_bl_urba_subpatch_2.bmp,0,0
Real/PAN/blur/1_BANDpatch_867_bl_L1_urban_sub_patch_2.bmp,Simulated/PAN/stripes/3_BANDpatch_1157_cl_L0_urban_sub_patch_1.bmp,1,1
Real/PAN/haze/1_BANDpatch_834_hz_L1_bl_L1_urban_sub_patch_1.bmp,Real/PAN/clean/0_Khartoum_img_PAN_980_subpatch_4.bmp,1,1
Real/PAN/noise/1_BANDpatch_585_2_ni_bl_urban_subpatch_2.bmp,Simulated/PAN/impulse/3_Shanghai_img_PAN_4748_subpatch_1.bmp,1,1
Simulated/PAN/pogan/3_BANDpatch_456_cl_urban_subpatch_1.bmp,Real/PAN/blur/2_BANDpatch_89_1_hz_bl_ni_st_vegetation_subpatch_1.bmp,1,1
Simulated/PAN/impulse/2_Vegas_img_PAN_4895_subpatch_3.bmp,Real/PAN/blur/3_BANDpatch_544_1_bl_hz_urban_subpatch_3.bmp,0,0
Real/PAN/misc/2_BANDpatch_853_ns_L2_urban_sub_patch_4.bmp,Real/PAN/blur/1_BANDpatch_345_1_bl_urban_subpatch_3.bmp,1,1
Real/PAN/blur/2_BANDpatch_1170_bl_L2_urban_sub_patch_1.bmp,Simulated/PAN/blur/1_Vegas_img_PAN_3110_subpatch_2.bmp,1,1
Real/PAN/blur/2_BANDpatch_89_1_hz_bl_ni_st_vegetation_subpatch_1.bmp,Simulated/PAN/blur/2_Shanghai_img_PAN_2204_subpatch_1.bmp,0,0
Simulated/PAN/blur/3_BANDpatch_531_cl_urban_subpatch_4.bmp,Real/PAN/blur/2_BANDpatch_1164_bl_L2_urban_sub_patch_2.bmp,0,0
Simulated/PAN/blur/1_Shanghai_img_PAN_1134_subpatch_2.bmp,Real/PAN/haze/3_BANDpatch_243_3_hz_urban_subpatch_4.bmp,0,0
Simulated/PAN/pogan/1_Khartoum_img_PAN_129_subpatch_1.bmp,Real/PAN/noise/1_BANDpatch_727_bz_L1_ns_L1_urban_sub_patch_4.bmp,1,1
Real/PAN/blur/1_BANDpatch_867_bl_L1_urban_sub_patch_2.bmp,Simulated/PAN/stripes/3_Vegas_img_PAN_1981_subpatch_1.bmp,1,1
Simulated/PAN/blur/2_BANDpatch_321_cl_desert_subpatch_2.bmp,Real/PAN/blur/1_BANDpatch_349_1_bz_ni_bl_urban_subpatch_1.bmp,1,1
Simulated/PAN/impulse/1_Khartoum_img_PAN_1930_subpatch_1.bmp,Simulated/PAN/stripes/3_Shanghai_img_PAN_417_subpatch_2.bmp,0,0
Simulated/PAN/blur/2_Shanghai_img_PAN_2204_subpatch_1.bmp,Real/PAN/haze/3_BANDpatch_228_3_hz_ni_vegetation_subpatch_2.bmp,0,0
Real/PAN/noise/1_BANDpatch_585_2_ni_bl_urban_subpatch_2.bmp,Simulated/PAN/blur/3_Vegas_img_PAN_2550_subpatch_3.bmp,1,1
Real/PAN/blur/1_BANDpatch_1131_bl_L1_urban_sub_patch_4.bmp,Real/PAN/blur/3_BANDpatch_544_1_bl_hz_urban_subpatch_3.bmp,1,1
Real/PAN/misc/1_BANDpatch_770_bz_L1_urban_sub_patch_2.bmp,Real/PAN/clean/0_Khartoum_img_PAN_4328_subpatch_3.bmp,1,1
Simulated/PAN/haze/3_Khartoum_img_PAN_914_subpatch_3.bmp,Real/PAN/haze/1_BANDpatch_392_2_st_3_sa_urban_subpatch_2.bmp,0,0
Simulated/PAN/haze/3_BANDpatch_421_cl_urban_subpatch_1.bmp,Real/PAN/haze/1_BANDpatch_744_hz_L1_urban_sub_patch_4.bmp,0,0
Real/PAN/haze/1_BANDpatch_1231_hz_L1_urban_sub_patch_1.bmp,Simulated/PAN/haze/1_Shanghai_img_PAN_5123_subpatch_2.bmp,1,1
Real/PAN/blur/2_BANDpatch_89_1_hz_bl_ni_st_vegetation_subpatch_1.bmp,Simulated/PAN/stripes/1_Shanghai_img_PAN_3209_subpatch_4.bmp,1,1
Real/PAN/blur/1_BANDpatch_350_1_hz_bl_urban_subpatch_2.bmp,Real/PAN/blur/1_BANDpatch_799_bl_L1_urban_sub_patch_1.bmp,1,0
Real/PAN/misc/2_BANDpatch_869_ns_L2_sa_L1_urban_sub_patch_2.bmp,Real/PAN/clean/0_Vegas_img_PAN_2550_subpatch_2.bmp,1,1
Simulated/PAN/pogan/3_Khartoum_img_PAN_2777_subpatch_3.bmp,Real/PAN/noise/1_BANDpatch_717_1_ni_hz_urban__subpatch_3.bmp,0,0
Real/PAN/blur/1_BANDpatch_799_bl_L1_urban_sub_patch_1.bmp,Real/PAN/clean/0_Khartoum_img_PAN_2745_subpatch_2.bmp,1,1
Simulated/PAN/impulse/3_Vegas_img_PAN_361_subpatch_3.bmp,Real/PAN/noise/1_BANDpatch_820_ns_L1_urban_sub_patch_3.bmp,1,0
Real/PAN/noise/1_BANDpatch_782_ns_L1_urban_sub_patch_1.bmp,Simulated/PAN/blur/2_Shanghai_img_PAN_2204_subpatch_1.bmp,1,1
Real/PAN/noise/1_BANDpatch_782_ns_L1_urban_sub_patch_1.bmp,Simulated/PAN/impulse/3_Vegas_img_PAN_361_subpatch_3.bmp,1,1
Simulated/PAN/pogan/3_Shanghai_img_PAN_3574_subpatch_4.bmp,Real/PAN/haze/1_BANDpatch_1231_hz_L1_urban_sub_patch_1.bmp,0,0
Simulated/PAN/haze/3_Khartoum_img_PAN_914_subpatch_3.bmp,Real/PAN/clean/0_Khartoum_img_PAN_1215_subpatch_2.bmp,1,1
Simulated/PAN/haze/3_Khartoum_img_PAN_914_subpatch_3.bmp,Real/PAN/misc/2_BANDpatch_906_ns_L2_urban_sub_patch_1.bmp,0,0
Simulated/PAN/blur/3_Khartoum_img_PAN_4676_subpatch_4.bmp,Real/PAN/misc/3_BANDpatch_1250_bz_L2_urban_sub_patch_1.bmp,0,0
Real/PAN/haze/2_BANDpatch_208_3_hz_urban_subpatch_3.bmp,Real/PAN/misc/2_BANDpatch_882_bz_L2_urban_sub_patch_1.bmp,0,0
Simulated/PAN/pogan/3_Khartoum_img_PAN_4326_subpatch_1.bmp,Real/PAN/noise/2_BANDpatch_768_ns_L2_urban_sub_patch_3.bmp,0,0
Real/PAN/blur/2_BANDpatch_397_2_hz_bl_urban_subpatch_1.bmp,Real/PAN/blur/2_BANDpatch_207_1_bl_hz_urban_subpatch_4.bmp,0,1
Real/PAN/noise/1_BANDpatch_585_2_ni_bl_urban_subpatch_2.bmp,Real/PAN/clean/0_Vegas_img_PAN_4896_subpatch_3.bmp,1,1
Simulated/PAN/impulse/3_Khartoum_img_PAN_4326_subpatch_2.bmp,Real/PAN/clean/0_Vegas_img_PAN_4896_subpatch_4.bmp,1,1
Simulated/PAN/stripes/2_BANDpatch_376_cl_urban_subpatch_3.bmp,Real/PAN/haze/1_BANDpatch_834_hz_L1_bl_L1_urban_sub_patch_1.bmp,1,1
Simulated/PAN/pogan/3_Khartoum_img_PAN_3697_subpatch_2.bmp,Real/PAN/noise/1_BANDpatch_769_bz_L2_ns_L1_urban_sub_patch_2.bmp,0,0
Simulated/PAN/stripes/3_BANDpatch_1157_cl_L0_urban_sub_patch_1.bmp,Simulated/PAN/haze/1_Shanghai_img_PAN_5123_subpatch_2.bmp,1,1
Simulated/PAN/haze/2_BANDpatch_385_cl_urban_subpatch_1.bmp,Real/PAN/haze/3_BANDpatch_243_3_hz_urban_subpatch_4.bmp,0,0
Real/PAN/haze/3_BANDpatch_228_3_hz_ni_vegetation_subpatch_2.bmp,Simulated/PAN/haze/2_Shanghai_img_PAN_4805_subpatch_1.bmp,1,1
Real/PAN/haze/2_BANDpatch_1361_hz_L2_urban_sub_patch_3.bmp,Simulated/PAN/haze/1_Vegas_img_PAN_3150_subpatch_2.bmp,1,1
Simulated/PAN/pogan/3_Khartoum_img_PAN_4326_subpatch_1.bmp,Real/PAN/noise/1_BANDpatch_906_ns_L1_urban_sub_patch_2.bmp,1,1
Real/PAN/noise/1_BANDpatch_585_2_ni_bl_urban_subpatch_2.bmp,Simulated/PAN/impulse/1_Shanghai_img_PAN_4748_subpatch_2.bmp,1,1
Simulated/PAN/blur/3_BANDpatch_531_cl_urban_subpatch_4.bmp,Real/PAN/haze/1_BANDpatch_834_hz_L1_bl_L1_urban_sub_patch_1.bmp,0,0
Real/PAN/haze/1_BANDpatch_744_hz_L1_urban_sub_patch_4.bmp,Real/PAN/haze/1_BANDpatch_392_2_st_3_sa_urban_subpatch_2.bmp,1,1
Real/PAN/haze/1_BANDpatch_1231_hz_L1_urban_sub_patch_1.bmp,Real/PAN/haze/3_BANDpatch_243_3_hz_urban_subpatch_4.bmp,0,0
Simulated/PAN/stripes/1_BANDpatch_376_cl_urban_subpatch_3.bmp,Real/PAN/misc/3_BANDpatch_1250_bz_L2_urban_sub_patch_1.bmp,0,0
Real/PAN/blur/2_BANDpatch_759_bz_L1_bl_L2_ns_L1_msc_L0_sa_L1_urban_sub_patch_2.bmp,Simulated/PAN/haze/3_Khartoum_img_PAN_914_subpatch_3.bmp,1,1
Simulated/PAN/pogan/3_Shanghai_img_PAN_3574_subpatch_4.bmp,Real/PAN/noise/1_BANDpatch_474_1_bz_ni_np_urban_subpatch_3.bmp,0,0
Real/PAN/haze/2_BANDpatch_1362_hz_L2_bz_L1_urban_sub_patch_3.bmp,Simulated/PAN/haze/3_Vegas_img_PAN_1572_subpatch_4.bmp,1,1
Simulated/PAN/pogan/3_Khartoum_img_PAN_2777_subpatch_3.bmp,Real/PAN/misc/2_BANDpatch_990_bz_L1_ns_L2_urban_sub_patch_4.bmp,0,0
Simulated/PAN/haze/1_Shanghai_img_PAN_6633_subpatch_2.bmp,Real/PAN/haze/3_BANDpatch_243_3_hz_urban_subpatch_4.bmp,0,0
Real/PAN/blur/2_BANDpatch_207_1_bl_hz_urban_subpatch_4.bmp,Simulated/PAN/stripes/2_Khartoum_img_PAN_4676_subpatch_2.bmp,1,1
Real/PAN/haze/2_BANDpatch_1362_hz_L2_bz_L1_urban_sub_patch_3.bmp,Real/PAN/haze/3_BANDpatch_228_3_hz_ni_vegetation_subpatch_2.bmp,0,0
Simulated/PAN/impulse/2_Khartoum_img_PAN_2745_subpatch_3.bmp,Real/PAN/haze/2_BANDpatch_1362_hz_L2_bz_L1_urban_sub_patch_3.bmp,0,0
Simulated/PAN/pogan/3_Khartoum_img_PAN_4326_subpatch_1.bmp,Real/PAN/noise/1_BANDpatch_1037_ns_L1_urban_sub_patch_3.bmp,0,0
Simulated/PAN/pogan/3_Shanghai_img_PAN_4805_subpatch_2.bmp,Simulated/PAN/haze/2_Shanghai_img_PAN_4805_subpatch_1.bmp,1,1
Real/PAN/blur/3_BANDpatch_544_1_bl_hz_urban_subpatch_3.bmp,Real/PAN/blur/1_BANDpatch_1095_bl_L1_urban_sub_patch_1.bmp,0,0
Real/PAN/blur/3_BANDpatch_507_2_bl_urba_subpatch_2.bmp,Simulated/PAN/blur/2_BANDpatch_321_cl_desert_subpatch_2.bmp,0,1
Simulated/PAN/pogan/3_Khartoum_img_PAN_1215_subpatch_2.bmp,Real/PAN/misc/2_BANDpatch_853_ns_L2_urban_sub_patch_2.bmp,0,0
Real/PAN/blur/3_BANDpatch_435_1_hz_bl_urban_subpatch_3.bmp,Real/PAN/blur/2_BANDpatch_1170_bl_L2_urban_sub_patch_1.bmp,0,0
Simulated/PAN/pogan/2_Shanghai_img_PAN_5697_subpatch_2.bmp,Real/PAN/misc/2_BANDpatch_1037_ns_L2_urban_sub_patch_1.bmp,0,0
Simulated/PAN/stripes/3_Shanghai_img_PAN_6662_subpatch_2.bmp,Real/PAN/misc/2_BANDpatch_869_ns_L2_sa_L1_urban_sub_patch_2.bmp,0,0
Real/PAN/noise/1_BANDpatch_1037_ns_L1_urban_sub_patch_2.bmp,Simulated/PAN/pogan/3_Shanghai_img_PAN_3574_subpatch_4.bmp,1,1
Simulated/PAN/blur/1_BANDpatch_321_cl_desert_subpatch_4.bmp,Real/PAN/blur/2_BANDpatch_89_1_hz_bl_ni_st_vegetation_subpatch_1.bmp,1,1
Real/PAN/haze/1_BANDpatch_744_hz_L1_urban_sub_patch_4.bmp,Real/PAN/clean/0_Shanghai_img_PAN_6644_subpatch_2.bmp,1,1
Simulated/PAN/pogan/1_Khartoum_img_PAN_3141_subpatch_3.bmp,Real/PAN/blur/2_BANDpatch_759_bz_L1_bl_L2_ns_L1_msc_L0_sa_L1_urban_sub_patch_2.bmp,0,0
Simulated/PAN/blur/1_Shanghai_img_PAN_1134_subpatch_2.bmp,Real/PAN/clean/0_Khartoum_img_PAN_2745_subpatch_2.bmp,1,1
Simulated/PAN/impulse/3_Khartoum_img_PAN_342_subpatch_3.bmp,Simulated/PAN/stripes/1_BANDpatch_376_cl_urban_subpatch_3.bmp,1,1
Simulated/PAN/stripes/3_BANDpatch_376_cl_urban_subpatch_2.bmp,Real/PAN/haze/3_BANDpatch_228_3_hz_ni_vegetation_subpatch_2.bmp,0,0
Simulated/PAN/stripes/2_Khartoum_img_PAN_4676_subpatch_2.bmp,Simulated/PAN/haze/1_Vegas_img_PAN_3150_subpatch_2.bmp,1,1
Simulated/PAN/stripes/3_Shanghai_img_PAN_417_subpatch_2.bmp,Simulated/PAN/haze/3_BANDpatch_421_cl_urban_subpatch_1.bmp,0,0
Real/PAN/misc/2_BANDpatch_853_ns_L2_urban_sub_patch_4.bmp,Simulated/PAN/pogan/3_Khartoum_img_PAN_1215_subpatch_2.bmp,1,1
Real/PAN/noise/1_BANDpatch_906_ns_L1_urban_sub_patch_2.bmp,Simulated/PAN/pogan/3_Khartoum_img_PAN_2777_subpatch_3.bmp,1,1
Simulated/PAN/impulse/1_Khartoum_img_PAN_1029_subpatch_1.bmp,Real/PAN/misc/2_BANDpatch_338_1_np_hz_urban_subpatch_1.bmp,0,0
Simulated/PAN/impulse/3_Khartoum_img_PAN_4326_subpatch_2.bmp,Real/PAN/misc/2_BANDpatch_768_ns_L2_urban_sub_patch_4.bmp,0,0
Real/PAN/noise/1_BANDpatch_820_ns_L1_urban_sub_patch_3.bmp,Real/PAN/blur/2_BANDpatch_1170_bl_L2_urban_sub_patch_1.bmp,0,0
Simulated/PAN/haze/1_Shanghai_img_PAN_6633_subpatch_2.bmp,Real/PAN/misc/3_BANDpatch_1250_bz_L3_urban_sub_patch_3.bmp,0,0
Simulated/PAN/blur/3_Shanghai_img_PAN_3067_subpatch_1.bmp,Real/PAN/blur/2_BANDpatch_207_1_bl_hz_urban_subpatch_4.bmp,0,0
Simulated/PAN/haze/1_Shanghai_img_PAN_4805_subpatch_3.bmp,Real/PAN/misc/2_BANDpatch_882_bz_L2_urban_sub_patch_1.bmp,0,0
Real/PAN/noise/1_BANDpatch_1037_ns_L1_urban_sub_patch_2.bmp,Simulated/PAN/stripes/3_BANDpatch_377_cl_urban_subpatch_1.bmp,1,1
Real/PAN/misc/2_BANDpatch_853_ns_L2_urban_sub_patch_2.bmp,Simulated/PAN/haze/1_Shanghai_img_PAN_5123_subpatch_2.bmp,1,1
Simulated/PAN/haze/2_Shanghai_img_PAN_4805_subpatch_1.bmp,Real/PAN/haze/3_BANDpatch_228_3_hz_ni_vegetation_subpatch_2.bmp,0,0
Simulated/PAN/blur/2_BANDpatch_421_cl_urban_subpatch_3.bmp,Simulated/PAN/stripes/3_BANDpatch_376_cl_urban_subpatch_2.bmp,0,0
Simulated/PAN/blur/1_BANDpatch_321_cl_desert_subpatch_4.bmp,Real/PAN/clean/0_Shanghai_img_PAN_6644_subpatch_2.bmp,1,1
Real/PAN/blur/1_BANDpatch_867_bl_L1_urban_sub_patch_2.bmp,Simulated/PAN/haze/3_BANDpatch_313_cl_urban_subpatch_1.bmp,1,1
Real/PAN/blur/3_BANDpatch_423_1_bl_urban_subpatch_1.bmp,Real/PAN/blur/1_BANDpatch_124_2_bl_urban_subpatch_3.bmp,1,1
Simulated/PAN/blur/1_Vegas_img_PAN_4895_subpatch_3.bmp,Real/PAN/misc/2_BANDpatch_1397_hz_L3_bz_L2_urban_sub_patch_2.bmp,0,0
Simulated/PAN/stripes/2_Vegas_img_PAN_1149_subpatch_2.bmp,Real/PAN/misc/3_BANDpatch_1250_bz_L3_urban_sub_patch_3.bmp,0,0
Simulated/PAN/impulse/3_Khartoum_img_PAN_342_subpatch_3.bmp,Real/PAN/noise/1_BANDpatch_727_bz_L1_ns_L1_urban_sub_patch_4.bmp,1,1
Real/PAN/blur/1_BANDpatch_350_1_hz_bl_urban_subpatch_2.bmp,Simulated/PAN/haze/3_BANDpatch_313_cl_urban_subpatch_1.bmp,1,1
Simulated/PAN/blur/3_Vegas_img_PAN_361_subpatch_1.bmp,Real/PAN/clean/0_Shanghai_img_PAN_4168_subpatch_4.bmp,0,1
Real/PAN/noise/1_BANDpatch_474_1_bz_ni_np_urban_subpatch_3.bmp,Simulated/PAN/pogan/3_Shanghai_img_PAN_4805_subpatch_2.bmp,1,1
Real/PAN/blur/1_BANDpatch_867_bl_L1_urban_sub_patch_2.bmp,Real/PAN/blur/2_BANDpatch_207_1_bl_hz_urban_subpatch_4.bmp,0,1
Simulated/PAN/stripes/1_Shanghai_img_PAN_3209_subpatch_4.bmp,Real/PAN/haze/2_BANDpatch_1361_hz_L2_urban_sub_patch_3.bmp,0,0
Simulated/PAN/stripes/3_Shanghai_img_PAN_417_subpatch_2.bmp,Simulated/PAN/haze/1_Shanghai_img_PAN_4805_subpatch_3.bmp,1,1
Real/PAN/blur/1_BANDpatch_345_1_bl_urban_subpatch_3.bmp,Simulated/PAN/blur/1_Shanghai_img_PAN_1134_subpatch_2.bmp,1,1
Real/PAN/misc/2_BANDpatch_853_ns_L2_urban_sub_patch_4.bmp,Simulated/PAN/impulse/3_Khartoum_img_PAN_4326_subpatch_2.bmp,1,0
Simulated/PAN/stripes/3_Shanghai_img_PAN_6662_subpatch_2.bmp,Real/PAN/misc/1_BANDpatch_733_bz_L1_urban_sub_patch_4.bmp,0,0
Simulated/PAN/haze/1_Shanghai_img_PAN_2024_subpatch_1.bmp,Real/PAN/haze/1_BANDpatch_856_hz_L1_ns_L1_urban_sub_patch_2.bmp,0,0
Real/PAN/haze/1_BANDpatch_744_hz_L1_urban_sub_patch_4.bmp,Real/PAN/misc/2_BANDpatch_1163_sa_L2_urban_sub_patch_4.bmp,0,0
Real/PAN/haze/1_BANDpatch_1231_hz_L1_urban_sub_patch_1.bmp,Real/PAN/misc/2_BANDpatch_990_bz_L1_ns_L2_urban_sub_patch_2.bmp,1,1
Real/PAN/blur/3_BANDpatch_507_2_bl_urba_subpatch_2.bmp,Simulated/PAN/blur/1_Vegas_img_PAN_3110_subpatch_3.bmp,1,1
Simulated/PAN/stripes/3_Shanghai_img_PAN_6662_subpatch_2.bmp,Real/PAN/haze/1_BANDpatch_1231_hz_L1_urban_sub_patch_1.bmp,0,0
Simulated/PAN/blur/2_BANDpatch_340_cl_urban_subpatch_4.bmp,Simulated/PAN/haze/3_BANDpatch_602_cl_urban_subpatch_2.bmp,1,1
Simulated/PAN/pogan/3_Shanghai_img_PAN_6843_subpatch_1.bmp,Real/PAN/haze/1_BANDpatch_744_hz_L1_urban_sub_patch_4.bmp,0,0
Real/PAN/blur/3_BANDpatch_544_1_bl_hz_urban_subpatch_3.bmp,Real/PAN/misc/1_BANDpatch_844_bz_L1_urban_sub_patch_1.bmp,0,0
Real/PAN/noise/2_BANDpatch_768_ns_L2_urban_sub_patch_3.bmp,Simulated/PAN/impulse/1_Shanghai_img_PAN_4748_subpatch_2.bmp,1,1
Simulated/PAN/stripes/3_BANDpatch_1157_cl_L0_urban_sub_patch_1.bmp,Real/PAN/misc/3_BANDpatch_1250_bz_L2_urban_sub_patch_1.bmp,0,0
Simulated/PAN/haze/1_Shanghai_img_PAN_5123_subpatch_2.bmp,Real/PAN/haze/3_BANDpatch_228_3_hz_ni_vegetation_subpatch_2.bmp,0,0
Simulated/PAN/impulse/1_Khartoum_img_PAN_1029_subpatch_1.bmp,Real/PAN/clean/0_Shanghai_img_PAN_296_subpatch_2.bmp,0,0
Simulated/PAN/stripes/2_BANDpatch_376_cl_urban_subpatch_3.bmp,Real/PAN/misc/3_BANDpatch_1250_bz_L2_urban_sub_patch_1.bmp,0,0
Real/PAN/noise/1_BANDpatch_782_ns_L1_urban_sub_patch_1.bmp,Simulated/PAN/impulse/3_Khartoum_img_PAN_342_subpatch_3.bmp,0,0
Real/PAN/haze/2_BANDpatch_466_1_hz_urban_subpatch_1.bmp,Real/PAN/misc/1_BANDpatch_1243_bz_L1_msc_L0_urban_sub_patch_4.bmp,0,0
Real/PAN/haze/3_BANDpatch_228_3_hz_ni_vegetation_subpatch_2.bmp,Real/PAN/haze/1_BANDpatch_772_hz_L1_urban_sub_patch_2.bmp,1,1
Real/PAN/blur/3_BANDpatch_435_1_hz_bl_urban_subpatch_3.bmp,Simulated/PAN/stripes/2_Khartoum_img_PAN_4676_subpatch_2.bmp,1,1
Real/PAN/misc/3_BANDpatch_1250_bz_L3_urban_sub_patch_3.bmp,Real/PAN/misc/2_BANDpatch_879_bz_L2_urban_sub_patch_2.bmp,1,1
Real/PAN/noise/1_BANDpatch_717_1_ni_hz_urban__subpatch_3.bmp,Real/PAN/clean/0_Khartoum_img_PAN_980_subpatch_4.bmp,1,1
Simulated/PAN/haze/2_BANDpatch_385_cl_urban_subpatch_1.bmp,Real/PAN/haze/2_BANDpatch_1362_hz_L2_bz_L1_urban_sub_patch_3.bmp,0,0
Real/PAN/misc/2_BANDpatch_879_bz_L2_urban_sub_patch_2.bmp,Real/PAN/misc/3_BANDpatch_1250_bz_L2_urban_sub_patch_1.bmp,0,0
Simulated/PAN/stripes/3_Shanghai_img_PAN_6662_subpatch_2.bmp,Real/PAN/misc/2_BANDpatch_853_ns_L2_urban_sub_patch_2.bmp,0,0
Real/PAN/misc/2_BANDpatch_853_ns_L2_urban_sub_patch_1.bmp,Real/PAN/blur/3_BANDpatch_391_2_hz_bl_urban_subpatch_2.bmp,0,0
Real/PAN/noise/1_BANDpatch_820_ns_L1_urban_sub_patch_3.bmp,Real/PAN/clean/0_Khartoum_img_PAN_1215_subpatch_2.bmp,1,1
Real/PAN/blur/1_BANDpatch_867_bl_L1_urban_sub_patch_2.bmp,Real/PAN/blur/3_BANDpatch_391_2_hz_bl_urban_subpatch_2.bmp,1,1
Real/PAN/noise/2_BANDpatch_768_ns_L2_urban_sub_patch_3.bmp,Real/PAN/blur/2_BANDpatch_397_2_hz_bl_urban_subpatch_1.bmp,1,1
Simulated/PAN/haze/2_Vegas_img_PAN_1149_subpatch_4.bmp,Simulated/PAN/stripes/1_BANDpatch_1057_cl_L0_urban_sub_patch_4.bmp,0,0
Simulated/PAN/blur/1_Vegas_img_PAN_4895_subpatch_3.bmp,Simulated/PAN/haze/3_Khartoum_img_PAN_1029_subpatch_4.bmp,1,1
Real/PAN/haze/1_BANDpatch_744_hz_L1_urban_sub_patch_4.bmp,Simulated/PAN/haze/3_Vegas_img_PAN_2105_subpatch_4.bmp,1,1
Real/PAN/misc/1_BANDpatch_736_sa_L2_hz_L1_bz_L1_urban_sub_patch_1.bmp,Real/PAN/clean/0_Khartoum_img_PAN_980_subpatch_4.bmp,1,1
Simulated/PAN/impulse/3_Khartoum_img_PAN_4326_subpatch_2.bmp,Simulated/PAN/stripes/1_Shanghai_img_PAN_3209_subpatch_4.bmp,1,1
Simulated/PAN/blur/3_Khartoum_img_PAN_4676_subpatch_4.bmp,Real/PAN/misc/2_BANDpatch_1066_bz_L2_urban_sub_patch_1.bmp,0,0
Simulated/PAN/blur/3_Vegas_img_PAN_2550_subpatch_3.bmp,Simulated/PAN/stripes/1_Vegas_img_PAN_3150_subpatch_3.bmp,1,1
Simulated/PAN/haze/1_Shanghai_img_PAN_2024_subpatch_1.bmp,Real/PAN/haze/3_BANDpatch_243_3_hz_urban_subpatch_4.bmp,0,0
Simulated/PAN/stripes/1_Khartoum_img_PAN_1673_subpatch_4.bmp,Simulated/PAN/haze/2_Shanghai_img_PAN_6843_subpatch_1.bmp,0,0
Simulated/PAN/blur/3_BANDpatch_497_cl_urban_subpatch_4.bmp,Real/PAN/blur/1_BANDpatch_124_2_bl_urban_subpatch_3.bmp,1,1
Simulated/PAN/stripes/1_BANDpatch_1057_cl_L0_urban_sub_patch_4.bmp,Real/PAN/clean/0_Shanghai_img_PAN_6644_subpatch_2.bmp,1,1
Simulated/PAN/pogan/3_Khartoum_img_PAN_2777_subpatch_3.bmp,Simulated/PAN/stripes/3_BANDpatch_1157_cl_L0_urban_sub_patch_1.bmp,0,0
Simulated/PAN/pogan/1_Khartoum_img_PAN_3141_subpatch_3.bmp,Real/PAN/blur/3_BANDpatch_435_1_hz_bl_urban_subpatch_3.bmp,0,0
Real/PAN/blur/1_BANDpatch_799_bl_L1_urban_sub_patch_1.bmp,Simulated/PAN/haze/3_Khartoum_img_PAN_3265_subpatch_1.bmp,1,1
Real/PAN/misc/2_BANDpatch_853_ns_L2_urban_sub_patch_4.bmp,Simulated/PAN/stripes/2_Vegas_img_PAN_1149_subpatch_2.bmp,1,1
Real/PAN/blur/1_BANDpatch_867_bl_L1_urban_sub_patch_2.bmp,Real/PAN/misc/2_BANDpatch_853_ns_L2_urban_sub_patch_4.bmp,1,1
Simulated/PAN/haze/1_Shanghai_img_PAN_5123_subpatch_2.bmp,Real/PAN/clean/0_Khartoum_img_PAN_4328_subpatch_3.bmp,0,0
Simulated/PAN/pogan/3_Shanghai_img_PAN_3574_subpatch_4.bmp,Simulated/PAN/blur/1_Shanghai_img_PAN_3238_subpatch_1.bmp,1,1
Simulated/PAN/blur/1_Vegas_img_PAN_1291_subpatch_2.bmp,Simulated/PAN/stripes/1_Shanghai_img_PAN_3238_subpatch_2.bmp,1,1
Simulated/PAN/pogan/3_Shanghai_img_PAN_4805_subpatch_2.bmp,Simulated/PAN/stripes/2_BANDpatch_246_cl_desert_subpatch_4.bmp,1,1
Real/PAN/noise/2_BANDpatch_768_ns_L2_urban_sub_patch_3.bmp,Simulated/PAN/blur/1_Vegas_img_PAN_3110_subpatch_3.bmp,1,1
Real/PAN/blur/3_BANDpatch_507_2_bl_urba_subpatch_2.bmp,Real/PAN/clean/0_Shanghai_img_PAN_633_subpatch_1.bmp,1,1
Simulated/PAN/stripes/3_BANDpatch_376_cl_urban_subpatch_2.bmp,Real/PAN/haze/1_BANDpatch_772_hz_L1_urban_sub_patch_2.bmp,1,1
Simulated/PAN/blur/1_Shanghai_img_PAN_1134_subpatch_2.bmp,Simulated/PAN/stripes/3_BANDpatch_1157_cl_L0_urban_sub_patch_1.bmp,0,0
Simulated/PAN/pogan/1_Shanghai_img_PAN_5403_subpatch_2.bmp,Real/PAN/misc/2_BANDpatch_990_bz_L1_ns_L2_urban_sub_patch_4.bmp,0,0
Simulated/PAN/blur/1_Vegas_img_PAN_3110_subpatch_3.bmp,Simulated/PAN/haze/2_Vegas_img_PAN_3706_subpatch_3.bmp,1,1
Simulated/PAN/blur/3_BANDpatch_532_cl_urban_subpatch_1.bmp,Real/PAN/blur/2_BANDpatch_1170_bl_L2_urban_sub_patch_1.bmp,0,0
Simulated/PAN/stripes/2_Vegas_img_PAN_1149_subpatch_2.bmp,Simulated/PAN/haze/1_Shanghai_img_PAN_6633_subpatch_2.bmp,1,1
Real/PAN/haze/1_BANDpatch_834_hz_L1_bl_L1_urban_sub_patch_1.bmp,Simulated/PAN/haze/1_Shanghai_img_PAN_6633_subpatch_2.bmp,1,1
Simulated/PAN/pogan/2_Vegas_img_PAN_1981_subpatch_3.bmp,Real/PAN/misc/2_BANDpatch_1037_ns_L2_urban_sub_patch_1.bmp,0,0
Real/PAN/blur/2_BANDpatch_89_1_hz_bl_ni_st_vegetation_subpatch_1.bmp,Simulated/PAN/blur/3_Vegas_img_PAN_2550_subpatch_3.bmp,1,1
Simulated/PAN/impulse/2_Shanghai_img_PAN_2947_subpatch_4.bmp,Simulated/PAN/haze/3_Khartoum_img_PAN_2142_subpatch_4.bmp,1,1
Simulated/PAN/pogan/3_BANDpatch_384_cl_urban_subpatch_3.bmp,Real/PAN/blur/2_BANDpatch_89_1_hz_bl_ni_st_vegetation_subpatch_1.bmp,0,0
Real/PAN/noise/1_BANDpatch_585_2_ni_bl_urban_subpatch_2.bmp,Simulated/PAN/haze/2_BANDpatch_385_cl_urban_subpatch_1.bmp,1,1
Real/PAN/blur/2_BANDpatch_89_1_hz_bl_ni_st_vegetation_subpatch_1.bmp,Simulated/PAN/haze/3_Vegas_img_PAN_1572_subpatch_4.bmp,1,1
Real/PAN/blur/1_BANDpatch_1131_bl_L1_urban_sub_patch_4.bmp,Real/PAN/misc/2_BANDpatch_1397_hz_L3_bz_L2_urban_sub_patch_2.bmp,0,0
Simulated/PAN/blur/1_Vegas_img_PAN_3110_subpatch_3.bmp,Simulated/PAN/stripes/3_BANDpatch_376_cl_urban_subpatch_2.bmp,0,0
Simulated/PAN/stripes/2_BANDpatch_473_cl_urban_subpatch_4.bmp,Simulated/PAN/haze/3_BANDpatch_602_cl_urban_subpatch_2.bmp,1,1
Real/PAN/haze/1_BANDpatch_772_hz_L1_urban_sub_patch_2.bmp,Real/PAN/misc/1_BANDpatch_1026_bz_L1_urban_sub_patch_2.bmp,0,0
Simulated/PAN/blur/1_Vegas_img_PAN_4895_subpatch_3.bmp,Simulated/PAN/stripes/2_BANDpatch_246_cl_desert_subpatch_4.bmp,0,0
Simulated/PAN/haze/2_Vegas_img_PAN_1149_subpatch_4.bmp,Real/PAN/haze/3_BANDpatch_243_3_hz_urban_subpatch_4.bmp,0,0
Real/PAN/noise/1_BANDpatch_782_ns_L1_urban_sub_patch_1.bmp,Simulated/PAN/impulse/3_Khartoum_img_PAN_4326_subpatch_2.bmp,1,1
Real/PAN/blur/3_BANDpatch_435_1_hz_bl_urban_subpatch_3.bmp,Real/PAN/blur/2_BANDpatch_397_2_hz_bl_urban_subpatch_1.bmp,0,0
Simulated/PAN/pogan/2_Shanghai_img_PAN_3209_subpatch_4.bmp,Real/PAN/blur/1_BANDpatch_1131_bl_L1_urban_sub_patch_4.bmp,0,0
Real/PAN/stripes/2_BANDpatch_282_2_st_msc_Lines_np_desert_subpatch_4.bmp,Real/PAN/stripes/1_BANDpatch_195_2_hz_st_urban_subpatch_2.bmp,1,1
Simulated/PAN/blur/1_Vegas_img_PAN_4895_subpatch_3.bmp,Real/PAN/clean/0_Khartoum_img_PAN_1215_subpatch_2.bmp,0,0
Simulated/PAN/blur/1_Vegas_img_PAN_3110_subpatch_3.bmp,Real/PAN/clean/0_Vegas_img_PAN_4896_subpatch_3.bmp,1,1
Simulated/PAN/pogan/1_Khartoum_img_PAN_129_subpatch_1.bmp,Real/PAN/blur/2_BANDpatch_207_1_bl_hz_urban_subpatch_4.bmp,1,1
Simulated/PAN/blur/1_Shanghai_img_PAN_2864_subpatch_2.bmp,Real/PAN/clean/0_Khartoum_img_PAN_4328_subpatch_3.bmp,1,1
Simulated/PAN/haze/2_BANDpatch_385_cl_urban_subpatch_1.bmp,Real/PAN/clean/0_Khartoum_img_PAN_2745_subpatch_2.bmp,1,1
Real/PAN/misc/1_BANDpatch_770_bz_L1_urban_sub_patch_2.bmp,Real/PAN/clean/0_Vegas_img_PAN_4896_subpatch_4.bmp,1,1
Simulated/PAN/blur/3_Vegas_img_PAN_361_subpatch_1.bmp,Real/PAN/blur/3_BANDpatch_544_1_bl_hz_urban_subpatch_3.bmp,0,1
Simulated/PAN/impulse/2_Shanghai_img_PAN_2947_subpatch_4.bmp,Simulated/PAN/stripes/3_BANDpatch_1157_cl_L0_urban_sub_patch_1.bmp,0,0
Real/PAN/haze/1_BANDpatch_834_hz_L1_bl_L1_urban_sub_patch_1.bmp,Simulated/PAN/haze/3_Vegas_img_PAN_1572_subpatch_4.bmp,1,1
Real/PAN/blur/3_BANDpatch_435_1_hz_bl_urban_subpatch_3.bmp,Real/PAN/clean/0_Shanghai_img_PAN_4168_subpatch_4.bmp,1,1
Simulated/PAN/blur/3_Shanghai_img_PAN_3067_subpatch_1.bmp,Real/PAN/misc/1_BANDpatch_1104_bz_L1_urban_sub_patch_3.bmp,0,0
Real/PAN/noise/2_BANDpatch_768_ns_L2_urban_sub_patch_3.bmp,Real/PAN/noise/1_BANDpatch_717_1_ni_hz_urban__subpatch_3.bmp,1,1
Real/PAN/blur/2_BANDpatch_207_1_bl_hz_urban_subpatch_4.bmp,Simulated/PAN/stripes/3_Shanghai_img_PAN_6662_subpatch_2.bmp,1,1
Simulated/PAN/pogan/3_Khartoum_img_PAN_3697_subpatch_2.bmp,Real/PAN/haze/1_BANDpatch_1231_hz_L1_urban_sub_patch_1.bmp,0,0
Simulated/PAN/pogan/3_BANDpatch_384_cl_urban_subpatch_3.bmp,Real/PAN/noise/2_BANDpatch_672_2_hz_np_urban_subpatch_1.bmp,0,1
Simulated/PAN/blur/3_Shanghai_img_PAN_3067_subpatch_1.bmp,Real/PAN/blur/1_BANDpatch_350_1_hz_bl_urban_subpatch_2.bmp,0,0
Simulated/PAN/stripes/1_BANDpatch_376_cl_urban_subpatch_3.bmp,Real/PAN/clean/0_Vegas_img_PAN_5_subpatch_4.bmp,1,1
Simulated/PAN/blur/2_Shanghai_img_PAN_2204_subpatch_1.bmp,Real/PAN/blur/2_BANDpatch_759_bz_L1_bl_L2_ns_L1_msc_L0_sa_L1_urban_sub_patch_2.bmp,0,0
Real/PAN/blur/1_BANDpatch_213_2_bl_hz_np_urban_subpatch_3.bmp,Real/PAN/blur/3_BANDpatch_544_1_bl_hz_urban_subpatch_3.bmp,0,0
Real/PAN/misc/1_BANDpatch_1026_bz_L1_urban_sub_patch_2.bmp,Real/PAN/clean/0_Vegas_img_PAN_4896_subpatch_4.bmp,1,1
Real/PAN/noise/1_BANDpatch_782_ns_L1_urban_sub_patch_1.bmp,Simulated/PAN/stripes/2_Vegas_img_PAN_1149_subpatch_2.bmp,1,1
Simulated/PAN/haze/2_Vegas_img_PAN_1149_subpatch_4.bmp,Real/PAN/haze/3_BANDpatch_228_3_hz_ni_vegetation_subpatch_2.bmp,0,0
Simulated/PAN/stripes/1_Khartoum_img_PAN_1673_subpatch_4.bmp,Real/PAN/clean/0_Khartoum_img_PAN_980_subpatch_4.bmp,1,1
Simulated/PAN/pogan/1_Vegas_img_PAN_3567_subpatch_3.bmp,Real/PAN/blur/2_BANDpatch_1164_bl_L2_urban_sub_patch_2.bmp,0,0
Simulated/PAN/impulse/3_Khartoum_img_PAN_342_subpatch_3.bmp,Real/PAN/misc/1_BANDpatch_733_bz_L1_urban_sub_patch_4.bmp,1,1
Simulated/PAN/impulse/3_Khartoum_img_PAN_4326_subpatch_2.bmp,Real/PAN/noise/1_BANDpatch_820_ns_L1_urban_sub_patch_3.bmp,1,1
Simulated/PAN/pogan/2_Vegas_img_PAN_1981_subpatch_3.bmp,Real/PAN/blur/1_BANDpatch_799_bl_L1_urban_sub_patch_1.bmp,0,0
Simulated/PAN/haze/1_Shanghai_img_PAN_6633_subpatch_2.bmp,Real/PAN/clean/0_Shanghai_img_PAN_6633_subpatch_2.bmp,0,0
Real/PAN/misc/2_BANDpatch_768_ns_L2_urban_sub_patch_4.bmp,Real/PAN/clean/0_Vegas_img_PAN_677_subpatch_3.bmp,1,1
Simulated/PAN/stripes/3_Vegas_img_PAN_1291_subpatch_4.bmp,Real/PAN/clean/0_Khartoum_img_PAN_1215_subpatch_2.bmp,0,0
Simulated/PAN/pogan/3_Shanghai_img_PAN_4805_subpatch_2.bmp,Real/PAN/noise/1_BANDpatch_585_2_ni_bl_urban_subpatch_2.bmp,0,0
Real/PAN/blur/1_BANDpatch_349_1_bz_ni_bl_urban_subpatch_1.bmp,Real/PAN/misc/2_BANDpatch_1397_hz_L3_bz_L2_urban_sub_patch_2.bmp,0,0
Real/PAN/misc/2_BANDpatch_853_ns_L2_urban_sub_patch_4.bmp,Simulated/PAN/pogan/2_Vegas_img_PAN_4896_subpatch_2.bmp,1,1
Simulated/PAN/haze/3_BANDpatch_313_cl_urban_subpatch_1.bmp,Real/PAN/clean/0_Khartoum_img_PAN_2745_subpatch_2.bmp,1,1
Simulated/PAN/blur/1_BANDpatch_321_cl_desert_subpatch_4.bmp,Real/PAN/blur/1_BANDpatch_345_1_bl_urban_subpatch_3.bmp,1,1
Simulated/PAN/haze/2_Vegas_img_PAN_1149_subpatch_4.bmp,Real/PAN/haze/1_BANDpatch_392_2_st_3_sa_urban_subpatch_2.bmp,0,0
Real/PAN/blur/1_BANDpatch_345_1_bl_urban_subpatch_3.bmp,Real/PAN/clean/0_Vegas_img_PAN_4896_subpatch_3.bmp,1,1
Real/PAN/haze/2_BANDpatch_760_hz_L2_urban_sub_patch_3.bmp,Real/PAN/haze/3_BANDpatch_243_3_hz_urban_subpatch_4.bmp,0,0
Real/PAN/blur/1_BANDpatch_349_1_bz_ni_bl_urban_subpatch_1.bmp,Simulated/PAN/blur/2_BANDpatch_321_cl_desert_subpatch_2.bmp,1,1
Real/PAN/blur/1_BANDpatch_1131_bl_L1_urban_sub_patch_4.bmp,Real/PAN/misc/3_BANDpatch_1250_bz_L3_urban_sub_patch_3.bmp,0,0
Simulated/PAN/pogan/1_Vegas_img_PAN_38_subpatch_4.bmp,Simulated/PAN/stripes/2_BANDpatch_246_cl_desert_subpatch_4.bmp,0,0
Simulated/PAN/pogan/2_Shanghai_img_PAN_5697_subpatch_2.bmp,Real/PAN/noise/1_BANDpatch_588_2_hz_ni_urban_subpatch_3.bmp,0,0
Simulated/PAN/impulse/2_Vegas_img_PAN_4895_subpatch_3.bmp,Simulated/PAN/stripes/2_BANDpatch_376_cl_urban_subpatch_3.bmp,0,0
Simulated/PAN/blur/3_BANDpatch_531_cl_urban_subpatch_4.bmp,Real/PAN/misc/1_BANDpatch_736_sa_L2_hz_L1_bz_L1_urban_sub_patch_1.bmp,1,0
Real/PAN/haze/1_BANDpatch_1231_hz_L1_urban_sub_patch_1.bmp,Real/PAN/haze/2_BANDpatch_1362_hz_L2_bz_L1_urban_sub_patch_3.bmp,0,0
Real/PAN/noise/2_BANDpatch_768_ns_L2_urban_sub_patch_3.bmp,Simulated/PAN/pogan/3_Shanghai_img_PAN_4805_subpatch_2.bmp,1,1
Real/PAN/noise/1_BANDpatch_626_2_hz_ni_urban_subpatch_2.bmp,Simulated/PAN/pogan/3_Khartoum_img_PAN_4326_subpatch_1.bmp,1,1
Simulated/PAN/blur/3_Vegas_img_PAN_361_subpatch_1.bmp,Real/PAN/misc/2_BANDpatch_869_ns_L2_sa_L1_urban_sub_patch_2.bmp,0,0
