image1,image2,labels_5,labels_7
Simulated/Multispectral/impulse/B1/2_Shanghai_img_3398_2666_cl.bmp,Real/Multispectral/noise/B1/2_BAND1patch_59_sub_patch_0_ns_noise_level2_urban.bmp,0,1
Simulated/Multispectral/pogan/B1/1_BAND1patch_38_sub_patch_10.bmp,Real/Multispectral/misc/B1/1_BAND1patch_27_sub_patch_14_scene3_bz.bmp,1,1
Real/Multispectral/blur/B1/3_BAND1patch_56_sub_patch_0_bl_ns_blur_level3_urban.bmp,Real/Multispectral/misc/B1/3_BAND1patch_44_sub_patch_5_bz_ns_butting_level3_urban.bmp,0,0
Simulated/Multispectral/stripes/B1/1_Atlanta_nadir30_img_271_192_cl.bmp,Simulated/Multispectral/haze/B1/3_BAND1patch_31_sub_patch_6_scene3_cl.bmp,0,0
Simulated/Multispectral/blur/B1/3_BAND1patch_19_sub_patch_6_scene3_cl.bmp,Simulated/Multispectral/stripes/B1/2_BAND1patch_53_sub_patch_15_scene3_cl.bmp,1,1
Real/Multispectral/stripes/B1/3_BAND1patch_51_sub_patch_7_scene3_st_sa_ns.bmp,Simulated/Multispectral/haze/B1/1_Atlanta_nadir30_img_473_416_cl_check_b1.bmp,1,1
Simulated/Multispectral/impulse/B1/2_BAND1patch_34_sub_patch_14_scene3_cl.bmp,Real/Multispectral/noise/B1/3_BAND1patch_34_sub_patch_6_hz_ns_noise_level3_vegetation.bmp,0,0
Real/Multispectral/misc/B1/3_BAND1patch_44_sub_patch_5_bz_ns_butting_level3_urban.bmp,Real/Multispectral/misc/B1/1_BAND1patch_63_sub_patch_11_ns_line_bl_stripes_level1_urban.bmp,1,0
Simulated/Multispectral/blur/B1/2_Atlanta_nadir10_img_298_221_cl.bmp,Real/Multispectral/blur/B1/2_BAND1patch_38_sub_patch_9_ns_bl_blur_level2_urban.bmp,1,1
Simulated/Multispectral/stripes/B1/3_BAND1patch_53_sub_patch_15_scene3_cl.bmp,Real/Multispectral/misc/B1/2_BAND1patch_20_sub_patch_7_scene3_ns_sa.bmp,0,0
Real/Multispectral/blur/B1/2_BAND1patch_38_sub_patch_9_ns_bl_blur_level2_urban.bmp,Real/Multispectral/stripes/B1/1_BAND1patch_6_sub_patch_0_scene3_st.bmp,1,1
Simulated/Multispectral/impulse/B1/2_BAND1patch_34_sub_patch_14_scene3_cl.bmp,Real/Multispectral/blur/B1/3_BAND1patch_20_sub_patch_15_bl_msc_blur_level3_urban.bmp,1,1
Real/Multispectral/blur/B1/3_BAND1patch_20_sub_patch_15_bl_msc_blur_level3_urban.bmp,Real/Multispectral/clean/B1/0_Atlanta_nadir8_img_511_459_cl.bmp,1,1
Real/Multispectral/haze/B1/3_BAND1patch_23_sub_patch_14_scene3_hz.bmp,Simulated/Multispectral/haze/B1/2_BAND1patch_9_sub_patch_7_scene3_cl.bmp,1,1
Simulated/Multispectral/blur/B1/2_Shanghai_img_2106_1232_cl.bmp,Simulated/Multispectral/haze/B1/3_BAND1patch_46_sub_patch_8_scene3_cl.bmp,1,1
Real/Multispectral/misc/B1/2_BAND1patch_46_sub_patch_2_bz_bl_butting_level2_urban.bmp,Real/Multispectral/misc/B1/1_BAND1patch_63_sub_patch_11_ns_line_bl_stripes_level1_urban.bmp,1,1
Simulated/Multispectral/impulse/B1/2_Atlanta_nadir10_img_195_107_cl.bmp,Simulated/Multispectral/stripes/B1/1_Atlanta_nadir10_img_26_179_cl.bmp,0,0
Real/Multispectral/blur/B1/3_BAND1patch_47_sub_patch_5_bl_ns_msc_blur_level3_urban.bmp,Simulated/Multispectral/haze/B1/1_Shanghai_img_2391_1548_cl.bmp,1,1
Simulated/Multispectral/impulse/B1/2_Atlanta_nadir10_img_195_107_cl.bmp,Simulated/Multispectral/stripes/B1/2_BAND1patch_53_sub_patch_15_scene3_cl.bmp,0,0
Real/Multispectral/haze/B1/3_BAND1patch_23_sub_patch_14_scene3_hz.bmp,Real/Multispectral/haze/B1/2_BAND1patch_23_sub_patch_13_scene3_ns_hz.bmp,1,1
Simulated/Multispectral/haze/B1/3_BAND1patch_46_sub_patch_8_scene3_cl.bmp,Real/Multispectral/haze/B1/3_BAND1patch_23_sub_patch_14_scene3_hz.bmp,0,0
Simulated/Multispectral/impulse/B1/3_Shanghai_img_1910_1014_cl.bmp,Real/Multispectral/blur/B1/1_BAND1patch_62_sub_patch_2_scene3_bl_ns.bmp,1,1
Real/Multispectral/noise/B1/1_BAND1patch_9_sub_patch_3_scene3_ns.bmp,Real/Multispectral/noise/B1/2_BAND1patch_26_sub_patch_0_scene3_ns.bmp,0,0
Simulated/Multispectral/haze/B1/3_Atlanta_nadir16_img_677_642_cl.bmp,Real/Multispectral/haze/B1/3_BAND1patch_23_sub_patch_14_scene3_hz.bmp,0,0
Simulated/Multispectral/blur/B1/3_Atlanta_nadir10_img_74_712_cl.bmp,Simulated/Multispectral/stripes/B1/3_Atlanta_nadir8_img_365_296_cl.bmp,1,1
Simulated/Multispectral/blur/B1/3_BAND1patch_19_sub_patch_6_scene3_cl.bmp,Simulated/Multispectral/haze/B1/1_Atlanta_nadir30_img_473_416_cl_check_b1.bmp,1,1
Simulated/Multispectral/pogan/B1/3_BAND1patch_7_sub_patch_15_scene3_cl.bmp,Real/Multispectral/noise/B1/3_BAND1patch_16_sub_patch_3_ns_noise_level3_urban.bmp,1,1
Real/Multispectral/blur/B1/1_BAND1patch_62_sub_patch_2_scene3_bl_ns.bmp,Real/Multispectral/clean/B1/0_Atlanta_nadir8_img_441_381_cl.bmp,1,1
Real/Multispectral/haze/B1/3_BAND1patch_23_sub_patch_14_scene3_hz.bmp,Simulated/Multispectral/haze/B1/1_Shanghai_img_2391_1548_cl.bmp,1,1
Simulated/Multispectral/stripes/B1/2_Shanghai_img_2454_1618_cl.bmp,Real/Multispectral/misc/B1/2_BAND1patch_20_sub_patch_7_scene3_ns_sa.bmp,0,0
Simulated/Multispectral/pogan/B1/2_Shanghai_img_2059_1179_cl.bmp,Simulated/Multispectral/blur/B1/3_Atlanta_nadir10_img_74_712_cl.bmp,0,0
Real/Multispectral/noise/B1/3_BAND1patch_34_sub_patch_6_hz_ns_noise_level3_vegetation.bmp,Simulated/Multispectral/impulse/B1/1_Atlanta_nadir8_img_143_50_cl.bmp,1,1
Real/Multispectral/noise/B1/2_BAND1patch_59_sub_patch_0_ns_noise_level2_urban.bmp,Simulated/Multispectral/blur/B1/3_Atlanta_nadir16_img_273_194_cl.bmp,0,0
Simulated/Multispectral/haze/B1/3_Atlanta_nadir16_img_677_642_cl.bmp,Real/Multispectral/haze/B1/2_BAND1patch_23_sub_patch_13_scene3_ns_hz.bmp,0,0
Real/Multispectral/noise/B1/1_BAND1patch_9_sub_patch_3_scene3_ns.bmp,Simulated/Multispectral/pogan/B1/2_Shanghai_img_2059_1179_cl.bmp,1,0
Real/Multispectral/noise/B1/3_BAND1patch_16_sub_patch_3_ns_noise_level3_urban.bmp,Real/Multispectral/noise/B1/2_BAND1patch_59_sub_patch_10_ns_noise_level2_urban.bmp,1,1
Simulated/Multispectral/stripes/B1/2_Shanghai_img_2454_1618_cl.bmp,Real/Multispectral/misc/B1/1_BAND1patch_45_sub_patch_6_scene3_bz.bmp,1,1
Real/Multispectral/blur/B1/3_BAND1patch_56_sub_patch_0_bl_ns_blur_level3_urban.bmp,Simulated/Multispectral/haze/B1/2_BAND1patch_9_sub_patch_7_scene3_cl.bmp,1,1
Real/Multispectral/noise/B1/2_BAND1patch_59_sub_patch_0_ns_noise_level2_urban.bmp,Real/Multispectral/noise/B1/3_BAND1patch_34_sub_patch_6_hz_ns_noise_level3_vegetation.bmp,0,0
Real/Multispectral/noise/B1/3_BAND1patch_21_sub_patch_3_scene3_ns.bmp,Real/Multispectral/noise/B1/1_BAND1patch_65_sub_patch_0_ns_noise_level1_urban.bmp,1,1
Simulated/Multispectral/impulse/B1/1_Atlanta_nadir8_img_143_50_cl.bmp,Real/Multispectral/clean/B1/0_BAND1patch_46_sub_patch_11_scene3_cl.bmp,0,0
Simulated/Multispectral/impulse/B1/2_Shanghai_img_3398_2666_cl.bmp,Simulated/Multispectral/stripes/B1/2_BAND1patch_53_sub_patch_15_scene3_cl.bmp,0,0
Simulated/Multispectral/haze/B1/2_BAND1patch_9_sub_patch_7_scene3_cl.bmp,Real/Multispectral/misc/B1/2_BAND1patch_20_sub_patch_7_scene3_ns_sa.bmp,0,0
Real/Multispectral/haze/B1/3_BAND1patch_23_sub_patch_14_scene3_hz.bmp,Real/Multispectral/clean/B1/0_Atlanta_nadir16_img_377_309_cl.bmp,1,1
Simulated/Multispectral/stripes/B1/1_BAND1patch_72_sub_patch_10_scene3_cl.bmp,Real/Multispectral/clean/B1/0_Atlanta_nadir16_img_333_261_cl.bmp,1,1
Real/Multispectral/haze/B1/3_BAND1patch_23_sub_patch_14_scene3_hz.bmp,Real/Multispectral/misc/B1/1_BAND1patch_21_sub_patch_3_sa_ns_saturated_level1_urban.bmp,1,1
Simulated/Multispectral/stripes/B1/1_BAND1patch_22_sub_patch_13.bmp,Real/Multispectral/clean/B1/0_Atlanta_nadir8_img_129_34_cl.bmp,1,1
Simulated/Multispectral/pogan/B1/3_BAND1patch_52_sub_patch_2_scene3_cl.bmp,Real/Multispectral/noise/B1/1_BAND1patch_9_sub_patch_3_scene3_ns.bmp,1,1
Real/Multispectral/noise/B1/1_BAND1patch_16_sub_patch_2_scene3_ns.bmp,Real/Multispectral/misc/B1/1_BAND1patch_21_sub_patch_3_sa_ns_saturated_level1_urban.bmp,0,0
Real/Multispectral/blur/B1/2_BAND1patch_38_sub_patch_9_ns_bl_blur_level2_urban.bmp,Simulated/Multispectral/blur/B1/3_Atlanta_nadir44_img_367_298_cl.bmp,0,0
Simulated/Multispectral/stripes/B1/3_BAND1patch_53_sub_patch_15_scene3_cl.bmp,Real/Multispectral/clean/B1/0_Atlanta_nadir16_img_725_696_cl.bmp,1,1
Simulated/Multispectral/stripes/B1/1_BAND1patch_22_sub_patch_13.bmp,Simulated/Multispectral/haze/B1/1_Atlanta_nadir10_img_508_455_cl.bmp,1,1
Simulated/Multispectral/haze/B1/1_Atlanta_nadir30_img_473_416_cl_check_b1.bmp,Real/Multispectral/clean/B1/0_Atlanta_nadir8_img_441_381_cl.bmp,1,1
Real/Multispectral/haze/B1/2_BAND1patch_23_sub_patch_13_scene3_ns_hz.bmp,Simulated/Multispectral/haze/B1/3_BAND1patch_46_sub_patch_8_scene3_cl.bmp,1,1
Simulated/Multispectral/pogan/B1/3_Atlanta_nadir10_img_138_44_cl.bmp,Simulated/Multispectral/stripes/B1/1_BAND1patch_22_sub_patch_13.bmp,1,0
Real/Multispectral/noise/B1/3_BAND1patch_21_sub_patch_3_scene3_ns.bmp,Simulated/Multispectral/pogan/B1/2_Shanghai_img_2059_1179_cl.bmp,1,1
Simulated/Multispectral/blur/B1/3_Atlanta_nadir16_img_273_194_cl.bmp,Real/Multispectral/blur/B1/2_BAND1patch_72_sub_patch_14_scene3_bl.bmp,1,1
Simulated/Multispectral/impulse/B1/3_Atlanta_nadir30_img_221_137_cl.bmp,Simulated/Multispectral/stripes/B1/1_BAND1patch_22_sub_patch_13.bmp,1,1
Real/Multispectral/noise/B1/2_BAND1patch_59_sub_patch_0_ns_noise_level2_urban.bmp,Real/Multispectral/noise/B1/2_BAND1patch_26_sub_patch_0_scene3_ns.bmp,0,0
Real/Multispectral/noise/B1/2_BAND1patch_59_sub_patch_0_ns_noise_level2_urban.bmp,Simulated/Multispectral/haze/B1/3_BAND1patch_31_sub_patch_6_scene3_cl.bmp,0,0
Simulated/Multispectral/pogan/B1/3_BAND1patch_52_sub_patch_2_scene3_cl.bmp,Real/Multispectral/noise/B1/1_BAND1patch_16_sub_patch_2_scene3_ns.bmp,0,1
Real/Multispectral/misc/B1/1_BAND1patch_63_sub_patch_11_ns_line_bl_stripes_level1_urban.bmp,Real/Multispectral/misc/B1/3_BAND1patch_44_sub_patch_5_bz_ns_butting_level3_urban.bmp,0,0
Simulated/Multispectral/blur/B1/2_Atlanta_nadir10_img_298_221_cl.bmp,Simulated/Multispectral/haze/B1/2_Atlanta_nadir8_img_442_382_cl.bmp,0,1
Simulated/Multispectral/pogan/B1/3_BAND1patch_52_sub_patch_2_scene3_cl.bmp,Simulated/Multispectral/stripes/B1/1_BAND1patch_22_sub_patch_13.bmp,1,1
Real/Multispectral/noise/B1/3_BAND1patch_34_sub_patch_6_hz_ns_noise_level3_vegetation.bmp,Simulated/Multispectral/impulse/B1/3_Atlanta_nadir30_img_221_137_cl.bmp,1,1
Simulated/Multispectral/pogan/B1/3_BAND1patch_52_sub_patch_2_scene3_cl.bmp,Simulated/Multispectral/stripes/B1/3_Shanghai_img_1134_152_cl.bmp,0,0
Real/Multispectral/blur/B1/3_BAND1patch_11_sub_patch_11_scene3_ns_bl.bmp,Simulated/Multispectral/blur/B1/1_Atlanta_nadir16_img_190_102_cl.bmp,1,1
Simulated/Multispectral/blur/B1/1_BAND1patch_43_sub_patch_2_scene3_cl.bmp,Real/Multispectral/blur/B1/3_BAND1patch_47_sub_patch_5_bl_ns_msc_blur_level3_urban.bmp,0,0
Real/Multispectral/noise/B1/2_BAND1patch_26_sub_patch_0_scene3_ns.bmp,Simulated/Multispectral/impulse/B1/1_BAND1patch_12_sub_patch_15.bmp,1,1
Real/Multispectral/noise/B1/3_BAND1patch_16_sub_patch_3_ns_noise_level3_urban.bmp,Real/Multispectral/noise/B1/1_BAND1patch_16_sub_patch_2_scene3_ns.bmp,1,1
Real/Multispectral/noise/B1/3_BAND1patch_34_sub_patch_6_hz_ns_noise_level3_vegetation.bmp,Real/Multispectral/clean/B1/0_BAND1patch_46_sub_patch_11_scene3_cl.bmp,1,1
Real/Multispectral/noise/B1/2_BAND1patch_26_sub_patch_0_scene3_ns.bmp,Simulated/Multispectral/impulse/B1/1_Atlanta_nadir8_img_417_354_cl.bmp,1,1
Simulated/Multispectral/pogan/B1/3_Atlanta_nadir16_img_265_185_cl.bmp,Real/Multispectral/blur/B1/2_BAND1patch_72_sub_patch_14_scene3_bl.bmp,1,1
Simulated/Multispectral/stripes/B1/3_Atlanta_nadir8_img_365_296_cl.bmp,Simulated/Multispectral/haze/B1/2_Atlanta_nadir8_img_131_37_cl.bmp,1,1
Real/Multispectral/noise/B1/3_BAND1patch_21_sub_patch_3_scene3_ns.bmp,Simulated/Multispectral/stripes/B1/2_BAND1patch_53_sub_patch_15_scene3_cl.bmp,1,1
Simulated/Multispectral/pogan/B1/1_Shanghai_img_6028_5589_cl.bmp,Real/Multispectral/clean/B1/0_Atlanta_nadir8_img_712_682_cl.bmp,1,0
Simulated/Multispectral/pogan/B1/2_Shanghai_img_2059_1179_cl.bmp,Simulated/Multispectral/blur/B1/1_Atlanta_nadir16_img_190_102_cl.bmp,1,1
Real/Multispectral/noise/B1/2_BAND1patch_59_sub_patch_0_ns_noise_level2_urban.bmp,Simulated/Multispectral/haze/B1/3_BAND1patch_46_sub_patch_8_scene3_cl.bmp,1,1
Simulated/Multispectral/blur/B1/3_BAND1patch_19_sub_patch_6_scene3_cl.bmp,Real/Multispectral/clean/B1/0_Atlanta_nadir16_img_377_309_cl.bmp,1,1
Real/Multispectral/noise/B1/3_BAND1patch_34_sub_patch_6_hz_ns_noise_level3_vegetation.bmp,Simulated/Multispectral/impulse/B1/1_BAND1patch_12_sub_patch_15.bmp,1,1
Simulated/Multispectral/pogan/B1/3_Atlanta_nadir16_img_265_185_cl.bmp,Real/Multispectral/misc/B1/1_BAND1patch_45_sub_patch_6_scene3_bz.bmp,1,1
Real/Multispectral/blur/B1/3_BAND1patch_56_sub_patch_0_bl_ns_blur_level3_urban.bmp,Real/Multispectral/blur/B1/3_BAND1patch_47_sub_patch_5_bl_ns_msc_blur_level3_urban.bmp,1,1
Simulated/Multispectral/impulse/B1/3_Shanghai_img_1910_1014_cl.bmp,Simulated/Multispectral/haze/B1/2_Atlanta_nadir8_img_131_37_cl.bmp,1,1
Real/Multispectral/haze/B1/3_BAND1patch_23_sub_patch_14_scene3_hz.bmp,Real/Multispectral/clean/B1/0_Atlanta_nadir30_img_290_213_cl.bmp,1,1
Simulated/Multispectral/impulse/B1/3_Atlanta_nadir30_img_221_137_cl.bmp,Real/Multispectral/stripes/B1/1_BAND1patch_42_sub_patch_5_scene3_st.bmp,1,1
Simulated/Multispectral/haze/B1/1_Atlanta_nadir30_img_473_416_cl_check_b1.bmp,Real/Multispectral/misc/B1/1_BAND1patch_45_sub_patch_6_scene3_bz.bmp,0,0
Real/Multispectral/haze/B1/3_BAND1patch_23_sub_patch_14_scene3_hz.bmp,Simulated/Multispectral/haze/B1/2_Atlanta_nadir8_img_442_382_cl.bmp,1,1
Simulated/Multispectral/haze/B1/1_Atlanta_nadir30_img_473_416_cl_check_b1.bmp,Real/Multispectral/misc/B1/1_BAND1patch_63_sub_patch_11_ns_line_bl_stripes_level1_urban.bmp,0,0
Real/Multispectral/blur/B1/2_BAND1patch_38_sub_patch_2_bl_blur_level2_urban.bmp,Simulated/Multispectral/stripes/B1/2_BAND1patch_53_sub_patch_15_scene3_cl.bmp,0,0
Real/Multispectral/noise/B1/2_BAND1patch_59_sub_patch_10_ns_noise_level2_urban.bmp,Real/Multispectral/noise/B1/3_BAND1patch_16_sub_patch_3_ns_noise_level3_urban.bmp,0,0
Real/Multispectral/noise/B1/2_BAND1patch_59_sub_patch_0_ns_noise_level2_urban.bmp,Real/Multispectral/misc/B1/1_BAND1patch_23_sub_patch_5_scene3_ns_sa.bmp,0,0
Simulated/Multispectral/blur/B1/2_BAND1patch_12_sub_patch_10.bmp,Real/Multispectral/misc/B1/2_BAND1patch_43_sub_patch_2_bz_ns_butting_level2_urban.bmp,0,0
Real/Multispectral/noise/B1/3_BAND1patch_34_sub_patch_6_hz_ns_noise_level3_vegetation.bmp,Real/Multispectral/misc/B1/2_BAND1patch_20_sub_patch_7_scene3_ns_sa.bmp,1,1
Simulated/Multispectral/pogan/B1/3_Atlanta_nadir16_img_265_185_cl.bmp,Real/Multispectral/blur/B1/3_BAND1patch_20_sub_patch_15_bl_msc_blur_level3_urban.bmp,1,1
Simulated/Multispectral/blur/B1/3_Atlanta_nadir16_img_273_194_cl.bmp,Real/Multispectral/stripes/B1/1_BAND1patch_42_sub_patch_5_scene3_st.bmp,1,1
Simulated/Multispectral/stripes/B1/3_Atlanta_nadir10_img_294_217_cl.bmp,Real/Multispectral/misc/B1/1_BAND1patch_27_sub_patch_14_scene3_bz.bmp,0,1
Real/Multispectral/blur/B1/2_BAND1patch_38_sub_patch_9_ns_bl_blur_level2_urban.bmp,Simulated/Multispectral/blur/B1/2_Shanghai_img_2106_1232_cl.bmp,1,1
Simulated/Multispectral/stripes/B1/2_BAND1patch_53_sub_patch_15_scene3_cl.bmp,Simulated/Multispectral/haze/B1/1_Atlanta_nadir10_img_508_455_cl.bmp,1,1
Simulated/Multispectral/blur/B1/1_BAND1patch_43_sub_patch_2_scene3_cl.bmp,Real/Multispectral/blur/B1/3_BAND1patch_11_sub_patch_11_scene3_ns_bl.bmp,0,0
Simulated/Multispectral/blur/B1/1_BAND1patch_43_sub_patch_2_scene3_cl.bmp,Simulated/Multispectral/stripes/B1/1_Atlanta_nadir10_img_26_179_cl.bmp,1,1
Simulated/Multispectral/blur/B1/1_Shanghai_img_3261_2515_cl.bmp,Simulated/Multispectral/stripes/B1/3_BAND1patch_53_sub_patch_15_scene3_cl.bmp,0,0
Simulated/Multispectral/blur/B1/2_Shanghai_img_2106_1232_cl.bmp,Simulated/Multispectral/stripes/B1/3_Shanghai_img_1134_152_cl.bmp,0,0
Simulated/Multispectral/haze/B1/1_Atlanta_nadir30_img_473_416_cl_check_b1.bmp,Real/Multispectral/misc/B1/2_BAND1patch_43_sub_patch_2_bz_ns_butting_level2_urban.bmp,0,0
Simulated/Multispectral/blur/B1/2_BAND1patch_19_sub_patch_6_scene3_cl.bmp,Simulated/Multispectral/haze/B1/3_Atlanta_nadir16_img_677_642_cl.bmp,1,1
Real/Multispectral/blur/B1/1_BAND1patch_62_sub_patch_2_scene3_bl_ns.bmp,Simulated/Multispectral/stripes/B1/2_BAND1patch_53_sub_patch_15_scene3_cl.bmp,0,0
Simulated/Multispectral/pogan/B1/3_BAND1patch_52_sub_patch_2_scene3_cl.bmp,Simulated/Multispectral/haze/B1/1_Atlanta_nadir10_img_508_455_cl.bmp,1,1
Simulated/Multispectral/blur/B1/1_Atlanta_nadir16_img_190_102_cl.bmp,Real/Multispectral/blur/B1/3_BAND1patch_56_sub_patch_0_bl_ns_blur_level3_urban.bmp,0,0
Simulated/Multispectral/pogan/B1/3_BAND1patch_52_sub_patch_2_scene3_cl.bmp,Real/Multispectral/clean/B1/0_Shanghai_img_6654_6284_cl.bmp,1,1
Real/Multispectral/noise/B1/3_BAND1patch_21_sub_patch_3_scene3_ns.bmp,Simulated/Multispectral/pogan/B1/3_Atlanta_nadir16_img_265_185_cl.bmp,1,1
Simulated/Multispectral/haze/B1/2_Atlanta_nadir8_img_131_37_cl.bmp,Real/Multispectral/misc/B1/2_BAND1patch_43_sub_patch_2_bz_ns_butting_level2_urban.bmp,0,0
Real/Multispectral/blur/B1/2_BAND1patch_63_sub_patch_15_scene3_bl_ns.bmp,Real/Multispectral/blur/B1/3_BAND1patch_56_sub_patch_0_bl_ns_blur_level3_urban.bmp,0,0
Simulated/Multispectral/blur/B1/2_BAND1patch_12_sub_patch_10.bmp,Simulated/Multispectral/stripes/B1/3_Atlanta_nadir10_img_294_217_cl.bmp,1,1
Real/Multispectral/stripes/B1/1_BAND1patch_6_sub_patch_0_scene3_st.bmp,Real/Multispectral/haze/B1/2_BAND1patch_23_sub_patch_13_scene3_ns_hz.bmp,0,0
Simulated/Multispectral/impulse/B1/3_BAND1patch_63_sub_patch_0_scene3_cl.bmp,Simulated/Multispectral/haze/B1/2_Atlanta_nadir8_img_131_37_cl.bmp,1,1
Simulated/Multispectral/blur/B1/2_BAND1patch_12_sub_patch_10.bmp,Real/Multispectral/misc/B1/3_BAND1patch_61_sub_patch_7_bz_ns_butting_level3_urban.bmp,0,0
Real/Multispectral/blur/B1/3_BAND1patch_56_sub_patch_0_bl_ns_blur_level3_urban.bmp,Simulated/Multispectral/haze/B1/1_Atlanta_nadir10_img_508_455_cl.bmp,1,1
Simulated/Multispectral/pogan/B1/3_BAND1patch_52_sub_patch_2_scene3_cl.bmp,Simulated/Multispectral/blur/B1/1_BAND1patch_43_sub_patch_2_scene3_cl.bmp,1,1
Real/Multispectral/misc/B1/1_BAND1patch_63_sub_patch_11_ns_line_bl_stripes_level1_urban.bmp,Real/Multispectral/clean/B1/0_Atlanta_nadir44_img_323_250_cl.bmp,1,1
Simulated/Multispectral/blur/B1/1_BAND1patch_43_sub_patch_2_scene3_cl.bmp,Real/Multispectral/haze/B1/2_BAND1patch_23_sub_patch_13_scene3_ns_hz.bmp,0,0
Simulated/Multispectral/blur/B1/2_Shanghai_img_2106_1232_cl.bmp,Real/Multispectral/blur/B1/1_BAND1patch_62_sub_patch_2_scene3_bl_ns.bmp,0,0
Real/Multispectral/stripes/B1/1_BAND1patch_6_sub_patch_0_scene3_st.bmp,Real/Multispectral/clean/B1/0_Atlanta_nadir44_img_323_250_cl.bmp,1,1
Real/Multispectral/misc/B1/3_BAND1patch_44_sub_patch_5_bz_ns_butting_level3_urban.bmp,Real/Multispectral/misc/B1/1_BAND1patch_27_sub_patch_14_scene3_bz.bmp,1,1
Simulated/Multispectral/pogan/B1/3_BAND1patch_7_sub_patch_15_scene3_cl.bmp,Simulated/Multispectral/stripes/B1/3_Atlanta_nadir8_img_365_296_cl.bmp,1,1
Real/Multispectral/blur/B1/1_BAND1patch_62_sub_patch_2_scene3_bl_ns.bmp,Real/Multispectral/clean/B1/0_Atlanta_nadir16_img_38_312_cl.bmp,1,1
Simulated/Multispectral/blur/B1/3_Atlanta_nadir10_img_74_712_cl.bmp,Simulated/Multispectral/haze/B1/3_BAND1patch_46_sub_patch_8_scene3_cl.bmp,1,1
Simulated/Multispectral/impulse/B1/3_BAND1patch_63_sub_patch_0_scene3_cl.bmp,Real/Multispectral/misc/B1/1_BAND1patch_63_sub_patch_11_ns_line_bl_stripes_level1_urban.bmp,0,0
Real/Multispectral/misc/B1/1_BAND1patch_63_sub_patch_11_ns_line_bl_stripes_level1_urban.bmp,Real/Multispectral/misc/B1/2_BAND1patch_43_sub_patch_2_bz_ns_butting_level2_urban.bmp,0,0
Real/Multispectral/noise/B1/3_BAND1patch_16_sub_patch_3_ns_noise_level3_urban.bmp,Simulated/Multispectral/stripes/B1/1_Atlanta_nadir30_img_271_192_cl.bmp,1,1
Real/Multispectral/noise/B1/3_BAND1patch_21_sub_patch_3_scene3_ns.bmp,Simulated/Multispectral/impulse/B1/1_BAND1patch_12_sub_patch_15.bmp,1,1
Simulated/Multispectral/stripes/B1/1_Atlanta_nadir30_img_271_192_cl.bmp,Simulated/Multispectral/haze/B1/2_Atlanta_nadir8_img_442_382_cl.bmp,1,1
Real/Multispectral/noise/B1/2_BAND1patch_59_sub_patch_0_ns_noise_level2_urban.bmp,Simulated/Multispectral/haze/B1/2_Atlanta_nadir8_img_131_37_cl.bmp,1,1
Simulated/Multispectral/pogan/B1/3_BAND1patch_7_sub_patch_15_scene3_cl.bmp,Simulated/Multispectral/haze/B1/3_Atlanta_nadir16_img_677_642_cl.bmp,1,1
Simulated/Multispectral/impulse/B1/1_BAND1patch_12_sub_patch_15.bmp,Real/Multispectral/noise/B1/2_BAND1patch_59_sub_patch_10_ns_noise_level2_urban.bmp,1,1
Simulated/Multispectral/pogan/B1/3_BAND1patch_7_sub_patch_15_scene3_cl.bmp,Simulated/Multispectral/blur/B1/1_Atlanta_nadir16_img_190_102_cl.bmp,1,1
Real/Multispectral/blur/B1/2_BAND1patch_38_sub_patch_2_bl_blur_level2_urban.bmp,Simulated/Multispectral/blur/B1/1_Shanghai_img_3261_2515_cl.bmp,1,1
Real/Multispectral/misc/B1/1_BAND1patch_27_sub_patch_14_scene3_bz.bmp,Real/Multispectral/clean/B1/0_Shanghai_img_6654_6284_cl.bmp,1,1
Real/Multispectral/misc/B1/1_BAND1patch_21_sub_patch_3_sa_ns_saturated_level1_urban.bmp,Real/Multispectral/clean/B1/0_Atlanta_nadir16_img_725_696_cl.bmp,1,1
Real/Multispectral/noise/B1/2_BAND1patch_59_sub_patch_10_ns_noise_level2_urban.bmp,Real/Multispectral/noise/B1/2_BAND1patch_26_sub_patch_0_scene3_ns.bmp,0,0
Simulated/Multispectral/impulse/B1/1_Atlanta_nadir8_img_143_50_cl.bmp,Real/Multispectral/misc/B1/2_BAND1patch_20_sub_patch_7_scene3_ns_sa.bmp,0,0
Real/Multispectral/noise/B1/3_BAND1patch_34_sub_patch_6_hz_ns_noise_level3_vegetation.bmp,Simulated/Multispectral/impulse/B1/1_Atlanta_nadir8_img_417_354_cl.bmp,1,1
Simulated/Multispectral/blur/B1/3_Atlanta_nadir10_img_74_712_cl.bmp,Real/Multispectral/blur/B1/1_BAND1patch_62_sub_patch_2_scene3_bl_ns.bmp,1,1
Simulated/Multispectral/haze/B1/3_BAND1patch_31_sub_patch_6_scene3_cl.bmp,Real/Multispectral/haze/B1/2_BAND1patch_23_sub_patch_13_scene3_ns_hz.bmp,0,0
Real/Multispectral/blur/B1/3_BAND1patch_11_sub_patch_11_scene3_ns_bl.bmp,Simulated/Multispectral/blur/B1/2_BAND1patch_12_sub_patch_10.bmp,1,1
Simulated/Multispectral/impulse/B1/1_Atlanta_nadir8_img_143_50_cl.bmp,Real/Multispectral/noise/B1/3_BAND1patch_16_sub_patch_3_ns_noise_level3_urban.bmp,0,0
Simulated/Multispectral/haze/B1/3_Atlanta_nadir16_img_677_642_cl.bmp,Real/Multispectral/clean/B1/0_Atlanta_nadir16_img_333_261_cl.bmp,0,0
Real/Multispectral/noise/B1/2_BAND1patch_26_sub_patch_0_scene3_ns.bmp,Real/Multispectral/misc/B1/1_BAND1patch_38_sub_patch_4_ns_sa_saturated_level1_urban.bmp,1,1
Simulated/Multispectral/blur/B1/3_Atlanta_nadir44_img_367_298_cl.bmp,Real/Multispectral/blur/B1/2_BAND1patch_72_sub_patch_14_scene3_bl.bmp,1,1
Simulated/Multispectral/pogan/B1/3_Atlanta_nadir16_img_265_185_cl.bmp,Simulated/Multispectral/stripes/B1/1_Atlanta_nadir30_img_271_192_cl.bmp,1,1
Simulated/Multispectral/pogan/B1/2_Shanghai_img_2059_1179_cl.bmp,Real/Multispectral/haze/B1/3_BAND1patch_23_sub_patch_14_scene3_hz.bmp,0,0
Simulated/Multispectral/stripes/B1/3_Atlanta_nadir10_img_294_217_cl.bmp,Real/Multispectral/clean/B1/0_Shanghai_img_6698_6332_cl.bmp,0,1
Real/Multispectral/blur/B1/3_BAND1patch_47_sub_patch_5_bl_ns_msc_blur_level3_urban.bmp,Real/Multispectral/misc/B1/3_BAND1patch_44_sub_patch_5_bz_ns_butting_level3_urban.bmp,0,0
Simulated/Multispectral/blur/B1/3_Atlanta_nadir10_img_74_712_cl.bmp,Simulated/Multispectral/stripes/B1/2_Shanghai_img_2454_1618_cl.bmp,1,1
Real/Multispectral/haze/B1/2_BAND1patch_23_sub_patch_13_scene3_ns_hz.bmp,Real/Multispectral/haze/B1/3_BAND1patch_23_sub_patch_14_scene3_hz.bmp,0,0
Real/Multispectral/blur/B1/1_BAND1patch_62_sub_patch_2_scene3_bl_ns.bmp,Real/Multispectral/clean/B1/0_Shanghai_img_6654_6284_cl.bmp,0,1
Simulated/Multispectral/blur/B1/3_Atlanta_nadir44_img_367_298_cl.bmp,Real/Multispectral/misc/B1/2_BAND1patch_20_sub_patch_7_scene3_ns_sa.bmp,0,0
Real/Multispectral/blur/B1/2_BAND1patch_72_sub_patch_14_scene3_bl.bmp,Real/Multispectral/misc/B1/1_BAND1patch_27_sub_patch_14_scene3_bz.bmp,0,1
Real/Multispectral/noise/B1/1_BAND1patch_9_sub_patch_3_scene3_ns.bmp,Simulated/Multispectral/stripes/B1/3_Shanghai_img_1134_152_cl.bmp,0,0
Simulated/Multispectral/stripes/B1/1_BAND1patch_72_sub_patch_10_scene3_cl.bmp,Real/Multispectral/clean/B1/0_Atlanta_nadir8_img_712_682_cl.bmp,1,1
Real/Multispectral/blur/B1/3_BAND1patch_20_sub_patch_15_bl_msc_blur_level3_urban.bmp,Real/Multispectral/blur/B1/1_BAND1patch_62_sub_patch_2_scene3_bl_ns.bmp,1,1
Real/Multispectral/noise/B1/1_BAND1patch_9_sub_patch_3_scene3_ns.bmp,Real/Multispectral/clean/B1/0_Atlanta_nadir8_img_452_393_cl.bmp,1,1
Simulated/Multispectral/pogan/B1/2_Atlanta_nadir8_img_43_368_cl.bmp,Real/Multispectral/blur/B1/2_BAND1patch_38_sub_patch_2_bl_blur_level2_urban.bmp,0,0
Simulated/Multispectral/stripes/B1/1_Atlanta_nadir10_img_26_179_cl.bmp,Real/Multispectral/clean/B1/0_Shanghai_img_1291_326_cl.bmp,1,1
Simulated/Multispectral/impulse/B1/2_BAND1patch_34_sub_patch_14_scene3_cl.bmp,Real/Multispectral/blur/B1/3_BAND1patch_47_sub_patch_5_bl_ns_msc_blur_level3_urban.bmp,0,0
Simulated/Multispectral/blur/B1/3_Atlanta_nadir44_img_367_298_cl.bmp,Real/Multispectral/misc/B1/1_BAND1patch_27_sub_patch_14_scene3_bz.bmp,0,1
Simulated/Multispectral/pogan/B1/1_Shanghai_img_4541_3937_cl.bmp,Real/Multispectral/clean/B1/0_BAND1patch_46_sub_patch_11_scene3_cl.bmp,0,0
